SiO2,Al2O3,Fe2O3,CaO,MgO,Na2O,K2O,SO3,TiO2,P2O5,S,AFT
54.12176,32.31045,3.116746,1.455168,1.301687,0.136148,2.541706,1.1162484,0.817369,1.180174,0.5,1537.777778
56.47488,31.3657,2.316114,1.1711304,1.2303844,0.15502,2.866948,0.674244,0.7940156,0.5866496,0.41,1537.777778
51.98256,32.1215,4.14613,2.294688,1.1391834,0.179284,2.854902,1.0563156,0.7539812,2.0234828,0.51,1537.777778
49.41552,29.8541,3.531359,4.8972,1.1176268,0.146932,2.336924,1.348488,0.7406364,3.620728,0.43,1537.777778
57.97232,33.44415,2.8594,0.8101368,0.6533308,0.156368,0.8962224,0.6093168,1.0041962,0.3826972,0.52,1537.777778
50.2712,32.31045,4.517852,2.910336,1.82402,0.160412,2.421246,2.4272784,0.8090285,1.4941232,0.51,1537.777778
48.98768,30.42095,2.43049,5.932608,1.3829388,0.17524,1.698486,2.4622392,0.6588995,3.758224,0.4,1537.777778
53.90784,29.66515,3.416983,1.944888,1.2419918,0.144236,2.505568,1.0837848,0.7589855,1.8516128,0.46,1537.777778
49.62944,28.3425,6.033334,3.959736,2.686284,0.1284644,2.46943,2.547144,0.6939296,1.3497524,0.43,1532.222222
50.05728,31.17675,7.57741,1.441176,1.3564076,0.18198,2.975362,1.43589,0.7956837,1.3337112,0.45,1537.777778
51.55472,31.17675,6.991233,1.2816672,1.2303844,0.1155236,2.240556,1.0688016,0.7856751,1.5330804,0.51,1537.777778
45.77888,39.3016,1.687046,5.023128,0.4493722,0.243988,0.3637892,0.4894512,1.818229,3.941552,0.41,1537.777778
56.26096,27.5867,3.274013,0.9906336,1.6366434,3.1678,1.590072,1.3959348,0.8207052,0.14528744,0.37,1537.777778
62.25072,27.39775,2.516272,0.3092232,1.3414838,0.164456,2.963316,0.17430456,0.7923475,0.0985388,0.11,1537.777778
44.70928,25.50825,11.380412,6.548256,1.2502828,0.361264,0.5444792,1.0937736,0.8724163,4.606116,0.58,1343.333333
48.132,20.97345,6.833966,10.745856,5.405732,0.219724,0.4167916,4.345128,1.1693381,0.2772836,0.31,1371.111111
51.98256,30.04305,3.57425,2.910336,2.006422,0.145584,1.614164,2.072676,0.6472228,0.5110268,0.25,1537.777778
50.2712,38.35685,2.630648,2.350656,1.1673728,0.211636,0.367403,1.5907164,2.135168,0.2704088,0.46,1537.777778
31.0184,14.076775,30.59558,5.694744,3.15058,0.692872,0.7191462,9.913884,0.3569734,0.06508144,0.51,1115.555556
51.3408,24.9414,8.535309,2.364648,1.973258,0.420576,1.830992,3.695856,0.5404644,0.0721854,0.42,1437.777778
57.33056,27.01985,2.416193,4.043688,2.420972,0.253424,0.9251328,3.24636,0.4553913,0.068748,0.3,1532.222222
52.19648,21.9182,10.57978,4.043688,2.221988,0.4044,1.1660528,5.568756,0.5804988,0.07768524,0.29,1426.666667
50.05728,25.88615,6.29068,3.889776,2.785776,0.988084,1.313014,5.344008,0.5571454,0.07310204,0.35,1410
30.37664,14.77589,20.73065,9.150768,5.438896,0.644344,1.228692,12.510972,0.4220293,0.10060124,0.38,1165.555556
48.98768,27.5867,3.903081,5.121072,3.001342,0.331608,1.0588434,4.3701,0.6488909,0.08341424,0.4,1521.111111
45.35104,27.5867,6.57662,4.309536,2.288316,0.665912,1.818946,6.442776,0.5888393,0.0870808,0.45,1537.777778
26.95392,13.320975,8.063508,11.47344,8.987444,1.16602,0.7432382,27.71892,0.4287017,0.15880788,0.63,1260
22.4616,12.31954,25.44866,9.02484,5.952938,1.96808,0.3999272,18.729,0.567154,,0.29,1104.444444
44.9232,29.28725,3.030964,5.610792,1.724528,0.32352,1.0925722,6.642552,1.1209632,1.9432768,0.37,1532.222222
32.72976,23.0519,20.44471,5.45688,3.017924,1.56368,1.1178688,8.61534,0.8574034,0.10060124,0.43,1226.666667
50.69904,33.6331,5.647315,2.756424,0.3449056,0.214332,0.668553,1.7830008,0.950817,1.4230836,0.39,1537.777778
65.2456,27.2088,4.517852,0.3819816,0.2304898,0.149628,0.5071366,0.586842,0.7589855,0.07356036,0.4,1537.777778
72.30496,15.286055,1.501185,2.37864,0.6185086,2.38596,1.590072,3.670884,1.1926915,0.06324816,0.2,1504.444444
65.2456,18.81942,3.045261,4.449456,0.6251414,0.0884288,2.433292,2.2699548,0.8390543,0.2085356,0.31,1532.222222
53.05216,23.24085,11.852213,2.02884,0.5903192,0.1203764,1.228692,2.87178,0.9141188,0.252076,0.29,1454.444444
64.81776,10.92131,4.889574,7.961448,2.105914,0.974604,1.481658,7.092048,0.4904214,0.4331124,1.31,1315.555556
66.3152,19.46185,5.904661,1.2159048,2.32148,0.993476,2.83081,1.4259012,0.8557353,0.063019,0.1,1437.777778
57.54448,15.8718,7.1485,7.331808,2.288316,1.109404,1.975544,6.49272,0.6422185,0.2704088,0.93,1348.888889
56.47488,12.58407,5.847473,12.019128,2.686284,1.075704,1.855084,9.164724,0.5588135,0.3391568,1.7,1360
52.83824,12.527385,5.7188,8.786976,2.32148,1.005608,1.818946,9.189696,0.5404644,0.34374,1.22,1332.222222
50.2712,11.48816,5.347078,9.640488,2.603374,1.10536,1.843038,12.73572,0.5371282,0.2933248,2.01,1215.555556
42.784,11.22363,5.018247,21.26784,2.40439,0.868112,1.421428,9.339528,0.4770766,0.6026908,1.02,1198.888889
26.31216,7.14231,10.851423,19.02912,1.4542414,0.528416,0.813105,33.96192,0.2919175,0.20188996,0.12,1193.333333
40.21696,10.43004,4.746604,14.13192,2.719448,1.025828,1.38529,22.824408,0.4720723,0.309366,0.11,1237.777778
53.7,28.2,6.93,2.58,0.974,0.359,2.36,2.1,1.39,0.464,0.64,1310
60.7,18.3,12.2,1.2,2.64,0.495,4.21,2.07,0.862,0.129,0.75,1310
50,25.7,15.4,2.41,1.53,0.598,1.17,2.28,1.53,0.118,0.22,1471.111111
53.3,20.5,10.7,3.76,2.83,1.77,0.693,4.34,1.29,0.08,0.45,1360
63.8,29,1.54,0.677,0.434,0.877,1.5,0.346,1.58,0.287,0.33,1537.777778
60.2,21.3,9.39,0.632,1.18,0.354,3.03,0.902,0.909,0.068,0.6,1460
35.2,21.7,1.74,14.2,7.45,0.232,0.545,14.7,1.1,0.097,0.76,1376.666667
48.34592,21.72925,8.177884,5.960592,2.520464,1.40192,1.50575,10.063716,0.9124507,0.11962152,0.48,1304.444444
62.0368,20.97345,2.501975,2.7984,2.039586,0.1164672,1.590072,3.096528,0.9408084,0.12168396,0.31,1493.333333
61.82288,27.9646,1.529779,0.8898912,1.2801304,0.096382,2.58989,1.1387232,0.8490629,0.08524752,0.35,1537.777778
51.6,28.9,11.7,1.08,0.802,0.725,1.43,1.32,1.7,0.106,0.54,1537.777778
61.3,25.8,5.54,1.32,0.882,0.585,0.838,0.903,1.51,0.06,0.37,1537.777778
59.6,24.1,10.8,1.78,1.22,0.502,1.02,1.64,1.43,0.105,0.33,1515.555556
64,25.3,4.49,1.37,1.02,0.494,1.85,0.735,1.2,0.069,0.48,1537.777778
70,27,1.6,0.36,0.545,0.686,2.01,0.394,1.06,0.093,0.63,1537.777778
60.8,31.3,1.86,0.321,0.563,0.453,2.28,0.248,1.34,0.089,0.45,1537.777778
63.1,25.8,4.45,0.283,0.671,0.648,2.42,0.254,1.04,0.069,0.27,1537.777778
66.3,26.7,0.998,0.279,0.515,0.544,2.48,0.163,1.57,0.046,0.37,1537.777778
51.1,30,11.2,1.01,1.1,0.32,2.98,0.837,1.1,0.056,0.74,1537.777778
62.4,25.2,3.08,1.45,1.16,0.23,3.1,0.382,0.837,0.849,0.26,1537.777778
47.4,28.5,9.02,4.63,3,0.348,1.97,2.69,0.977,0.141,0.91,1532.222222
49.1,26.9,15.1,2.11,1.63,0.337,2.38,2.2,1.1,0.112,0.79,1437.777778
52.3,31.6,8.31,1.37,0.983,0.206,3.07,0.463,0.998,0.097,0.51,1537.777778
48.1,31.2,13.8,0.362,0.819,0.207,2.87,0.284,0.976,0.242,0.69,1493.333333
28.1,18.9,43.3,1.51,0.457,0.19,1.01,1.63,0.539,0.472,1.2,1171.111111
18.7,11.2,61.6,2.41,0.405,0.295,0.129,3.07,0.274,0.114,0.71,1104.444444
67.8,25.8,1.6,0.2,0.54,0.1,2.2,0.14,1.6,0.02,0.38,1537.777778
67.1,25.6,1.5,0.34,0.85,0.55,3.1,0.55,1.6,0.04,0.57,1537.777778
66.5,24.2,1.7,0.39,0.8,0.2,3,0.41,1.4,0.03,0.48,1537.777778
65.4,23.9,5.8,0.44,0.96,0.2,2.3,1,1.4,0.02,0.4,1537.777778
63.5,22.9,3.1,0.29,0.92,0.28,2.6,0.7,1.1,0.07,0.38,1537.777778
61.4,28.9,5,0.97,0.85,0.17,1.3,2,1.5,0.05,0.6,1537.777778
67.5,25,3.1,0.18,0.6,0.24,1.8,0.49,1.6,0.05,0.37,1537.777778
49,28.2,11.1,0.36,2.6,0.39,3.1,1.1,0.85,0.03,0.64,1504.444444
62.3,26.8,4.2,1.3,0.63,0.47,1.5,1.2,1.5,1.4,0.28,1537.777778
87.5,9.8,1.2,0.09,0.31,2.4,1.5,0.09,0.42,,0.17,1537.777778
68.4,19.7,5.7,0.81,0.7,0.13,1.8,,0.7,0.05,0.43,1537.777778
69,19.3,5.8,1,0.98,0.2,2,,0.71,0.05,0.36,1537.777778
47.6,10,34.4,2.6,0.93,0.65,0.8,,0.45,0.08,0.16,1265.555556
68.4,14.2,10.9,1.7,0.81,1.3,1.2,,0.62,0.07,0.25,1460
67.4,27.5,1.2,1.5,0.42,0.13,1.4,,1.2,,0.23,1537.777778
65.4,13.3,16.8,2.2,1.2,0.42,1.8,,0.52,0.06,0.24,1332.222222
62,27.1,6.7,1.5,0.46,0.12,1.3,,1,,0.28,1537.777778
62,14.3,17.2,3,0.82,0.34,1.5,,0.52,0.09,0.13,1237.777778
63.6,13.4,18.4,2.4,0.66,0.27,1.2,,0.48,0.07,0.42,1371.111111
68.5,26.7,1.3,1.2,0.4,0.13,1,,1.2,0.02,0.21,1537.777778
54.3,8.5,33,3,0.78,0.33,1.2,,0.36,0.07,0.42,1287.777778
69,18.8,6.5,1.8,0.93,0.31,2,,0.78,0.04,0.48,1498.888889
72.1,19.1,3.7,1.1,0.95,0.36,1.9,,0.67,,0.32,1537.777778
74.1,18.4,3.3,1,0.76,0.34,1.7,,0.65,0.05,0.24,1537.777778
39.6,29.4,4.2,9.7,1,3.1,1,5.1,1.7,2.7,0.25,1332.222222
40.6,27.4,3,11.6,1.7,2.7,0.25,13.5,1.2,,0.22,1376.666667
22.3,10.7,34.5,16.6,1.3,1.2,0.19,14,0.49,,2.08,1093.333333
47.1,38.3,2.47,3.58,0.527,0.302,0.12,1.19,1.29,1.26,0.24,1537.777778
47.6,42,0.775,2.59,0.711,0.036,0.163,1.5,1.11,0.391,0.41,1537.777778
48.6,17.7,13.1,8.27,0.223,0.142,0.12,6.9,1.06,0.046,2.53,1371.111111
53.6,37.4,1.57,0.609,0.33,0.22,0.619,0.393,1.45,0.085,0.3,1537.777778
46.3,40.2,3.37,3.39,0.254,0.099,0.234,1.59,1.2,0.548,0.69,1537.777778
55.2,33.5,2.36,1.07,0.624,0.345,1.43,0.852,1.17,0.173,0.32,1537.777778
50.9,38.9,2.55,0.32,0.278,0.916,0.337,0.338,0.823,0.18,0.42,1537.777778
34.3,31.5,20,2.52,0.364,1.95,0.351,2.3,1.21,0.658,0.79,1360
54.4,40.6,0.634,0.427,0.281,0.072,0.448,0.294,1.01,0.047,0.3,1537.777778
50.4,44.3,0.833,0.57,0.251,0.153,0.21,0.722,0.8,0.038,0.34,1537.777778
54.9,21.1,14,1.82,0.658,0.34,1.56,1.73,0.802,0.554,0.37,1432.222222
50.4,38.7,1.45,1.62,0.382,0.148,0.309,0.983,1.76,0.675,0.33,1537.777778
54.8,36.2,1.21,0.295,0.393,0.228,1.13,0.219,1.45,0.064,0.32,1537.777778
48.2,43,1.54,1.22,0.266,0.313,0.426,0.576,1.3,0.235,0.43,1537.777778
44.8,39.2,6.39,0.905,0.23,0.135,0.356,0.752,1.68,0.791,0.71,1537.777778
48.2,39.2,4.68,0.738,0.253,0.146,0.602,0.651,1.02,0.609,0.74,1537.777778
49,41.6,3.52,1.26,0.215,0.138,0.419,0.526,0.997,1.09,0.65,1537.777778
52.5,39.5,1.3,0.195,0.266,0.139,0.822,0.267,1.48,0.068,0.43,1537.777778
49.2,43.3,3.11,0.468,0.394,0.2,0.319,0.314,2,0.137,0.66,1537.777778
47.8,38.9,6.36,0.592,0.2,0.382,0.432,0.884,1.34,0.103,2.2,1537.777778
43.4,39.2,10.5,1.19,0.284,0.132,0.192,1.81,1.15,0.141,0.89,1537.777778
51.5,22.4,8.9,4.29,1.53,0.122,1.69,4.6,0.797,0.262,0.33,1410
49.5,20.7,13.4,3.87,1.33,0.142,1.16,3.94,0.757,0.934,0.24,1415.555556
56.2,20.4,13.9,1.87,0.828,0.175,1.88,2.08,0.85,0.604,0.28,1460
51.4,18.2,19.5,0.745,0.651,0.176,2.07,1.86,0.715,0.111,0.44,1404.444444
51.7,23,11.8,2.43,1.23,0.505,0.876,4.15,0.75,0.302,0.25,1426.666667
58.3,23.5,5.43,1.1,0.942,2.25,1.4,0.549,1.9,0.212,0.3,1537.777778
58.3,23.8,3.97,3.81,1.27,1.01,2.29,1.39,0.93,0.09,0.07,1504.444444
41.1,26.5,17.4,1.9,0.558,0.472,1.59,1.56,4.06,0.198,0.98,1448.888889
58.8,28.1,3.68,0.575,1.5,0.315,3.54,0.78,1.25,0.218,0.42,1537.777778
53.4,21.7,5.73,4.29,4.23,0.13,3.8,1.96,1.3,0.149,0.33,1354.444444
48,28.2,4.32,4.23,2.66,0.897,1.9,3.05,1.74,0.119,0.35,1526.666667
57,30.1,3.72,1.35,1.15,0.436,2.71,0.888,1.08,0.074,0.38,1537.777778
65.3,21,4.49,0.768,1.5,0.494,4.19,1.04,1.05,0.081,0.37,1504.444444
55.9,22.6,13,2.33,1.06,0.662,1.34,1.87,2.11,0.09,0.64,1365.555556
57.4,19.8,4.57,5.42,1.88,0.31,3,2.27,1.18,0.087,0.47,1382.222222
57.9,23.8,3.26,3.44,1.52,0.11,2.76,1.79,1.01,0.214,0.37,1515.555556
55.7,25.3,3.25,4.08,1.68,0.11,2.77,1.92,0.966,0.262,0.44,1504.444444
55.6,31.7,2.39,0.646,0.58,0.206,1.56,0.763,1.43,0.28,0.49,1537.777778
56.2,27.8,4.31,1.28,0.967,0.626,1.5,1.31,1.5,0.078,0.33,1537.777778
62,26.1,4.62,1.62,0.796,0.57,2.14,2.03,1.45,0.123,0.53,1537.777778
56.4,23.2,4.04,4.69,1.73,0.182,3.11,1.28,1.03,0.169,0.36,1460
48.3,17.5,16.3,5.52,0.552,0.527,1.75,5.06,1.19,0.097,1.46,1354.444444
57.5,12.3,18.1,3.7,0.439,0.195,0.446,3.99,0.837,0.148,0.81,1421.111111
53.1,36.6,1.31,2.69,0.537,0.16,0.694,1.65,2.58,0.141,0.35,1537.777778
49.5,37.2,5.04,2.19,0.323,0.067,0.303,0.968,1.9,0.03,2.86,1537.777778
57.4,27,5.23,4.48,1.18,0.491,0.833,1.04,0.914,0.147,0.3,1404.444444
45.6,37.4,4.84,4.4,0.657,0.091,0.1,2.42,1.29,0.505,0.51,1537.777778
60.8,31.6,2.46,1.67,0.506,0.889,2.41,1.7,1.02,0.085,0.49,1537.777778
50,39.4,4.16,1.52,0.26,0.13,0.345,0.875,1.01,0.275,1.31,1537.777778
58.8,18.8,3.12,7.22,3.28,0.873,1.17,1.47,1.1,0.048,0.19,1354.444444
54.4,37.2,4.47,1.63,0.467,0.91,0.374,1.28,2.1,0.134,0.73,1537.777778
50.4,33.5,3.68,2.07,0.945,1.73,2.38,1.35,1.5,0.644,0.41,1537.777778
55.7,31.8,3.03,3.58,0.939,0.795,1.02,1.38,1.18,0.314,0.23,1537.777778
50.3,33.4,6.43,4.06,0.983,0.14,1.24,3.17,1.32,0.425,1.05,1537.777778
57.9,35.5,1.49,1.22,0.803,0.53,0.451,0.483,1.16,0.105,0.31,1537.777778
49,34.5,2.11,3.77,1.52,0.33,0.528,2.23,1.92,1.11,0.39,1537.777778
62.8,26.5,2.51,2.79,1.18,0.605,1.83,0.331,1.16,0.436,0.12,1537.777778
50.6,37.1,5.09,0.96,1.03,0.225,0.683,1.18,1.26,0.158,0.98,1537.777778
57.7,33.5,5.78,0.472,0.221,0.126,0.875,0.45,1.17,0.094,0.85,1537.777778
50.3,29.3,10,2.04,0.5,0.069,0.973,2.54,1.3,0.08,2.81,1537.777778
66.9,29.6,1.89,1.31,0.418,0.476,0.681,0.362,1.15,0.041,0.24,1537.777778
62.6,30.2,3.24,0.983,0.578,0.71,0.654,0.541,1.34,0.058,0.2,1537.777778
43.4,34.8,2.56,8.92,1.11,0.512,0.22,3.55,1.49,1.12,0.27,1537.777778
61.8,26.8,2.46,2.72,0.382,0.375,0.443,1.11,1.31,0.064,0.4,1537.777778
60.9,26.3,2.56,4.19,0.516,0.282,0.712,0.882,1.15,0.058,0.24,1537.777778
45.5,15,20,3.45,1.51,0.992,2.38,7.06,0.983,0.398,0.58,1115.555556
53.2,18.3,7.32,7,2.08,0.358,1.34,7.34,1.08,0.739,0.3,1304.444444
49.9,33,4.47,3.62,0.5,0.116,0.246,1.8,1.84,0.094,0.54,1537.777778
52.7,35.6,4.36,0.778,0.832,1.3,3.78,0.342,1.57,0.302,0.39,1537.777778
58.2,27.7,4.12,3.14,0.912,0.333,1.99,1.46,1.12,0.174,0.3,1537.777778
55,26.8,4.04,4.36,1.06,1.31,2.23,1.9,1.17,0.302,0.2,1498.888889
61.1,27.1,4.09,1.3,1.65,0.449,1.71,0.905,1.03,0.145,0.12,1537.777778
63.7,25.5,4.09,1.38,1.32,1.06,2.7,0.832,0.813,0.114,0.11,1537.777778
67,24,5.43,1.43,0.914,0.687,3.11,0.481,0.964,0.077,0.3,1537.777778
52.6,41.6,1.53,1.42,0.407,0.069,0.546,0.529,1.17,0.122,0.18,1537.777778
61.8,19.8,4.34,3.97,0.853,0.763,2.94,0.813,0.584,0.04,0.13,1504.444444
67,20.5,3,2.53,0.69,0.658,2.64,0.703,0.626,0.115,0.09,1532.222222
62.9,19.6,3.53,4.74,0.348,0.385,1.67,1.2,1.16,0.423,0.16,1482.222222
60.5,21.2,4.17,2.84,1.43,0.573,3.14,1.33,0.903,0.413,0.09,1510
59.2,21.3,3.56,4.64,1.2,1.16,3.1,0.948,0.853,0.315,0.14,1426.666667
65.1,21.9,2.41,1.06,0.625,0.914,3.74,0.274,0.912,0.062,0.25,1537.777778
63.5,23.6,3.3,0.572,0.69,0.27,2.66,0.653,1.11,0.056,0.24,1537.777778
64.6,25.2,2.8,0.375,0.594,0.261,2.82,0.418,1.25,0.039,0.26,1537.777778
65.2,15.8,2.59,5.39,0.255,1.51,0.735,4.53,0.752,0.734,0.21,1504.444444
50.5,42.7,0.713,0.164,0.102,,0.166,0.115,0.767,0.032,0.14,1537.777778
51.5,35.4,2.87,1.36,0.911,0.128,0.642,1.82,1.12,0.245,0.69,1537.777778
52.8,25,4.25,4.02,2.37,0.733,1.43,3.49,1.24,0.239,0.21,1476.666667
50.8,22.2,4.9,6.89,1.8,1.23,2.45,3.45,1.39,0.123,0.23,1426.666667
54.4,27.2,3.14,3.66,1.5,0.491,1.27,2.12,1.17,0.112,0.36,1460
52.6,26.4,3.5,5.98,1.86,0.533,1.26,2.75,1.13,0.109,0.32,1537.777778
55.8,23.4,5.02,2.77,0.899,2.82,1.47,3.85,0.809,0.522,0.21,1526.666667
55.5,24.7,7.92,2.51,1.2,0.382,1.79,3.45,1.05,0.084,0.4,1537.777778
48.3,28,8.24,4.06,0.617,0.34,0.85,3.58,2.08,0.104,0.55,1526.666667
40.6,31.9,12.6,3.78,0.928,0.102,0.95,3.39,0.934,0.578,0.45,1437.777778
49.9,35.6,4.06,1.45,0.523,0.405,0.448,1.53,2.08,0.142,0.32,1537.777778
50,19.8,5.74,5.57,3.55,0.656,1.97,7.72,0.941,0.34,0.24,1332.222222
43.7,37.4,5.12,2.58,0.992,1.4,1.08,1.88,2.51,1.27,0.23,1537.777778
55.4,23.1,5.8,1.07,0.959,1.55,3.76,1.24,2.06,0.429,0.38,1504.444444
53,27.6,4.26,1.13,0.976,0.722,4.88,1.06,1.47,0.298,0.69,1537.777778
57.8,26.3,4.77,2.4,0.763,0.53,1.17,0.401,0.899,0.056,0.27,1537.777778
57.2,26.2,4.57,3.02,0.751,0.585,1.11,0.66,0.909,0.042,0.29,1537.777778
60.6,23.8,3.14,1.16,2.03,0.192,3.45,1.33,1.18,0.276,0.25,1537.777778
59.7,25.1,2.99,1.41,1.71,0.24,2.9,1.19,1.06,0.482,0.6,1537.777778
51.7,26.8,9.49,1.63,0.692,0.523,1.65,1.72,1.15,0.703,0.97,1510
51.6,28,8.37,1.42,0.752,0.46,1.62,1.37,1.42,0.2,1.3,1537.777778
56,25.8,6.33,0.849,1.7,0.269,3.2,1.27,1.17,0.143,0.42,1537.777778
53,30.2,9.84,1.24,1.42,0.25,2.21,1.85,1.41,0.184,0.61,1537.777778
51.5,22.5,15.5,2.12,1.28,0.786,3.1,3.74,2.46,0.098,0.83,1321.111111
43.1,30.3,11.8,4.62,0.816,0.895,3.71,2.75,3.32,0.095,1.03,1443.333333
54.3,34.2,3.2,1.4,0.25,0.52,0.25,,1.4,0.8,0.8,1537.777778
59.2,28.6,3.3,1.7,0.34,0.88,0.14,1.2,1.8,1.3,0.68,1537.777778
56.6,27.8,4.3,2.3,0.42,0.33,0.95,1.4,1.5,0.03,0.5,1537.777778
59.5,32.9,4.8,0.66,0.32,0.11,0.49,0.99,1.3,,0.53,1537.777778
47.8,41.4,8.7,1.2,1.2,0.58,0.06,2.6,0.61,0.11,0.32,1537.777778
44.4,40.4,2.9,1.1,0.97,0.27,0.06,2.5,3.1,0.17,0.43,1537.777778
47.4,42.6,3.1,1,0.95,1.2,0.05,2.7,3.3,0.22,0.26,1537.777778
72.6,20.3,2.3,0.38,0.35,0.26,1.3,0.53,2.3,,0.49,1537.777778
59.6,33,8.2,0.35,0.28,0.2,0.69,0.58,1.4,0.31,1.01,1537.777778
32.7,42.8,8.2,4.1,1.2,0.1,0.14,7.8,2.2,1.1,0.39,1537.777778
32.7,30.4,16.6,5,3.6,0.28,0.82,13.1,0.99,0.12,0.89,1310
40.1,29.8,20.9,1.4,0.62,0.89,0.23,3.3,2.6,0.11,1.13,1487.777778
46.7,32.9,3.6,2.8,1,2.1,0.41,2.8,5.5,0.2,0.38,1537.777778
47.1,35.3,7.7,0.61,0.71,0.28,1.7,0.91,0.97,0.08,0.39,1537.777778
30.3,28.3,4.4,11.2,2.6,1.8,0.98,17.1,2.1,0.79,0.63,1337.777778
43.6,29.9,12.3,2.2,1.3,0.57,0.6,4.4,2.7,0.16,0.43,1521.111111
29.6,20.7,18.2,9.8,5.7,0.57,0.31,11.9,0.27,,0.46,1298.888889
29.5,25.2,15.4,8.8,3.4,0.54,1.3,15.4,1.2,0.85,0.72,1293.333333
26.2,28.6,3.6,10,3.2,5.8,0.39,16.4,2.1,0.43,0.29,1248.888889
49.8,38.1,1.8,0.23,0.7,0.69,2.2,0.08,1.3,0.15,0.67,1537.777778
49.4,20.4,8,4.7,4.2,0.27,1.4,6.5,1.2,0.46,0.42,1337.777778
51.8,30.4,5.6,0.68,1,0.07,6.1,0.24,1.8,0.57,0.63,1537.777778
62.6,19.2,12,1,2.7,0.27,0.93,1.6,0.52,0.48,0.39,1382.222222
44.1,31.4,9.2,2.1,1.9,0.23,3.4,3.5,1.8,0.47,0.77,1515.555556
52.5,28.8,8.4,0.77,2.6,0.44,4.2,0.9,1.4,0.44,0.58,1515.555556
73.8,18.3,4.4,0.08,1.7,0.65,2.6,0.42,0.82,0.12,0.09,1515.555556
51.3,29.6,6.6,0.2,2.8,1.9,4.2,2.2,1.4,0.12,0.1,1482.222222
56.3,22.4,5.7,2.8,2.3,1.4,3.7,2.2,1.4,0.81,0.11,1421.111111
55.9,27.6,4.3,2.2,1.7,1.4,3.2,2.5,1.2,0.22,0.11,1537.777778
65.2,21.9,6.3,0.27,1.2,0.54,3,0.86,1.1,0.16,0.08,1537.777778
54.7,28.8,7.1,1.2,1.7,0.92,4.2,1.9,1.5,0.51,0.09,1537.777778
47.2,32.8,6,1.3,1.5,2.7,3.6,1.8,1.4,0.46,0.12,1537.777778
54.1,27.1,8.2,0.11,0.96,1.2,4.7,1.2,1.8,0.09,0.33,1537.777778
58,26.2,5,1.2,1.8,0.55,3.6,1.9,1.8,0.07,0.18,1537.777778
68.3,20.9,4.4,0.31,1.4,0.68,2.6,0.69,1.1,0.15,0.2,1537.777778
64.8,22,5.3,0.95,1.3,0.4,3.9,1,0.71,0.4,0.14,1537.777778
66.8,19.6,5,0.15,1.4,0.55,2.2,1.2,0.55,0.19,0.23,1537.777778
60.4,22.2,8.7,2.1,1.2,1.1,3.2,2.6,1.2,0.29,0.3,1448.888889
55.7,29,3.4,1.4,1.1,0.83,5.6,1.2,1.7,0.72,0.16,1537.777778
44.1,30.9,10.5,0.64,3.6,1.7,2.9,0.95,0.61,0.17,0.11,1465.555556
64.4,22.8,3.6,0.47,0.9,1.3,3.1,1.2,0.73,0.3,0.37,1537.777778
57.7,25.6,4.3,0.29,0.93,0.34,4,0.74,2.2,0.2,0.27,1537.777778
64.5,20.6,5.4,0.12,1.3,1.1,1.5,2.2,0.88,0.04,0.3,1510
51.4,29.7,7,1.1,0.89,1.6,2.9,1.3,2,0.95,0.29,1537.777778
62.5,20.6,5.4,1.1,1.9,0.46,4.7,1.5,1,0.15,0.36,1504.444444
66.1,23.6,5,0.6,1.6,0.84,4.5,0.95,0.91,0.08,0.42,1537.777778
62.6,20.6,7.1,0.78,1.6,0.39,3.5,0.82,1,0.2,0.29,1493.333333
50.5,30.7,3.7,5.7,1.6,0.18,2,3.6,1.2,0.21,0.11,1532.222222
56.7,27.1,6.2,2.3,2.7,0.19,3.6,2.2,1.1,0.25,0.27,1498.888889
46.3,20.4,13.3,4.6,2.9,0.36,3.3,8.4,0.81,0.15,0.69,1382.222222
47.4,28.1,7.8,5.7,1.9,0.26,1,4,1.2,0.04,0.19,1443.333333
19.2,11.7,36.2,10.7,2.1,0.08,0.85,17,0.48,0.1,1.12,1060
48.5,36.6,3.9,2.4,0.7,0.6,0.45,2.7,1.3,1.6,0.52,1537.777778
54.4,28.8,6.2,4.6,1.3,0.64,1.5,1,1,0.81,0.52,1493.333333
51.2,33.9,7,1.5,0.98,0.94,0.55,2.6,1.1,0.38,0.84,1537.777778
64.2,29,2.8,1.7,0.87,0.37,2.1,1,1,0.08,0.11,1537.777778
50.3,17,5.3,2.8,2.9,5.4,0.83,10.6,1.4,0.05,0.56,1326.666667
51.9,32,3.2,2.9,1.2,1.4,1.3,4.4,1.3,0.05,0.14,1537.777778
43.6,18,5.5,10,1.1,3.7,0.6,15.5,0.8,0.04,0.37,1193.333333
50.2,22.2,2.8,7.2,1.3,1.6,1.1,8.3,1.3,0.05,0.86,1404.444444
46.9,24.1,8.2,3.6,2.8,2.2,1.6,6.9,1,0.08,0.97,1387.777778
47.7,14.4,1.6,10.6,4.3,1.3,0.97,17.4,1.1,0.04,2.04,1226.666667
42.2,18,11,12.1,4.5,2.2,1.4,9.1,1,0.31,0.34,1204.444444
47.3,23.7,7.4,9.7,3.4,0.45,0.86,5.2,1.2,0.15,0.31,1276.666667
34.3,17.9,11.4,19.5,2.4,0.8,0.59,8.9,1.3,1.8,0.25,1176.666667
51.1,33.2,6.02,0.313,0.825,0.195,0.922,3.41,2.5,0.062,0.15,1537.777778
41.4,20.5,23.5,2.44,0.78,0.166,0.819,3.93,1.97,0.098,1.37,1260
21.3,13.1,55.8,0.893,0.373,0.026,0.268,2.9,1.38,0.141,2.08,1121.111111
49.1,20.5,14.5,4.05,0.951,0.186,1.2,6.03,2.22,0.11,1.3,1348.888889
40.3,21.6,29.4,1.07,0.555,0.181,0.697,3.15,2.1,0.108,1.4,1343.333333
36.9,7.56,33.3,7.98,0.606,0.228,0.379,8.87,0.793,0.082,1.63,1054.444444
55.2,17.9,16.6,1.81,0.601,0.145,0.93,3.56,2.97,0.084,1.09,1387.777778
43.4,20.2,25.3,2.94,0.838,0.222,1.23,3.62,2.1,0.103,1.42,1337.777778
43.7,9.11,31.8,5.03,0.771,0.362,0.264,6.7,2.4,0.08,1.19,1060
51.4,30.2,8.7,0.981,1.5,0.49,1.19,2.23,2.27,0.107,0.37,1537.777778
13.5,12,26.1,14.9,2.81,0.982,0.437,24.6,0.941,0.135,1.43,1137.777778
22.1,15.8,16.8,14.8,11.2,0.44,0.97,16.5,0.55,,0.45,1154.444444
51.2,35.4,5.8,1.14,0.314,1.18,0.202,0.938,1.67,0.275,0.74,1537.777778
41.7,16.2,8.25,12.2,2.71,0.465,1.8,15.9,0.763,0.254,0.79,1198.888889
41,15.8,7.73,12.1,2.79,0.483,1.89,15.6,0.771,0.233,0.93,1187.777778
27.9,12.4,7.94,18.1,3.12,0.216,1.03,31.7,0.546,0.266,4.05,1171.111111
33,7.8,20.3,17.2,6.6,0.23,0.31,9.5,0.51,,0.12,1148.888889
52.19648,30.04,7.334361,0.44,0.52,2.45,4.83,1.13,0.67,0.24,0.45,1521.111111
47.27632,26.08,6.119116,2.13,2.52,3.79,4.96,7.02,0.52,0.12,0.52,1410
44.9232,25.51,2.101659,0.4,0.47,13.75,4.94,6.57,0.45,0.04,0.08,1293.333333
56.26096,30.6099,2.83,0.2182752,0.2586792,1.09188,5.31,0.41,0.76,0.05,0,1537.777778
49.62944,27.77565,9.32,0.5233008,0.6201668,2.57468,4.81,3,0.5,0.11,0.52,1460
53.48,29.8541,5.63,1.0256136,1.2154606,0.96382,4.59,0.77,0.61,0.08,0.41,1487.777778
54.97744,28.90935,4.66,0.7429752,0.8805042,1.06492,5.42,1.04,0.77,0.12,0.01,1515.555556
48.98768,29.4762,9.48,2.406624,2.852104,0.872156,4.13,2.26,0.6,0.07,0.36,1482.222222
39.14736,25.88615,20.73,3.525984,4.178664,0.792624,2.58,4.27,0.56,0.12,0.53,1410
53.26608,30.79885,4.66,0.6590232,0.7810122,1.000216,5.67,0.81,0.72,0.08,0.42,1537.777778
28.8792,17.515665,27.45,7.009992,8.307582,0.500108,2.2,10.19,0.44,0.14,0.54,1204.444444
52.83824,28.7204,7.45,1.651056,1.956676,1.08514,4.72,1.65,0.63,0.07,0.67,1454.444444
35.2968,21.5403,12.42,10.549968,12.502828,1.07166,3.45,6.12,0.52,0.1,0.82,1237.777778
46.63456,28.53145,13.71,1.3348368,1.5819228,0.966516,3.6,1.3,0.71,0.58,0.67,1437.777778
54.12176,33.44415,5.9,0.2546544,0.3017924,0.878896,4.52,0.36,0.74,0.07,0.59,1537.777778
44.70928,27.39775,17.87,0.7247856,0.8589476,0.66726,3.04,0.95,0.85,0.23,0.8,1432.222222
35.2968,25.13035,2.54,11.487432,13.613822,10.48744,3.07,8.57,0.44,1.86,0.34,1160
55.83312,33.06625,3.46,1.2424896,1.4724816,2.8308,4.79,1.36,0.9,0.27,0.09,1537.777778
53.05216,33.2552,3.25,0.9332664,1.1060194,2.77688,3.61,0.53,0.6,0.49,0.28,1537.777778
29.80250011,13.94657144,17.45667989,13.4764004,7.985562876,0.411621506,0.880452259,11.16447177,0.782122047,0.06087184,0.91,1176.666667
56.21231459,28.25739692,5.964606891,0.851872977,1.253579467,0.310034204,2.87281922,1.133986511,1.110918069,0.273781348,0.73,1537.777778
56.58930581,26.11955994,5.613433969,1.245482349,1.615054133,0.316921405,3.19786728,0.563915956,1.204975222,0.767034727,0.59,1537.777778
57.42329432,26.56729586,3.697066949,0.635046089,1.413095488,0.278509876,3.327178681,0.25246717,1.167163732,0.591745431,0.39,1537.777778
62.76248082,23.00511598,2.853725521,0.597103563,1.134482237,0.336483986,3.122436432,0.850125042,1.540408947,0.027731729,0.6,1537.777778
57.59729685,23.50798751,7.082666604,0.428804149,2.277542675,0.369170559,3.815627116,0.827507403,1.547891877,0.023615488,0.41,1526.666667
49.04389818,31.34132545,1.934019527,2.565622092,1.199174091,0.705966742,4.471618547,0.957727642,1.871119447,2.05648459,0.52,1537.777778
48.00108096,26.54123965,12.05399371,0.895724885,1.886582228,0.525492862,3.987035673,1.116111553,1.65936783,0.843292988,0.72,1437.777778
49.41552,30.42095,5.447157,0.1693032,2.785776,0.524372,4.444974,0.21151284,2.201892,0.0710396,0.34,1537.777778
49.2016,37.4121,4.2891,1.3068528,0.6997604,0.225116,1.1010044,1.4833368,2.201892,0.07172708,0.73,1537.777778
49.2016,22.48505,17.01343,0.7177896,0.9717052,0.39766,1.578026,1.06131,2.285297,0.05660252,0.64,1326.666667
38.29168,20.21765,24.87678,1.483152,2.387808,0.347784,1.698486,3.321276,3.00258,0.05774832,0.69,1304.444444
36.9,26,5.83,9.54,4.69,0.994,3.77,11.8,0.47,0.196,0.91,1387.777778
42.6,28.3,4.31,7.33,2.2,0.601,4.2,5.88,0.604,2.35,0.89,1415.555556
56.3,31.9,2.52,0.251,1.31,0.757,5.97,0.355,0.59,0.104,0.22,1537.777778
50.2,24.5,6.15,8.17,3,0.942,2.56,7.6,1.33,2.78,0.75,1348.888889
37,23.2,4.32,16.4,2.56,0.896,2.16,9.81,0.569,1.58,0.7,1398.888889
50,27.1,4.91,4.53,2.65,0.854,4.45,6.47,0.738,0.403,0.94,1382.222222
37.4,25.6,8.26,7.71,4.76,0.906,3.27,12.9,0.751,0.11,1.01,1326.666667
19.9,18.9,8.08,23,12.7,0.926,1.44,14.3,0.355,0.832,0.45,1360
21,12,22.7,17.2,9.47,0.271,1.65,17,0.27,0.494,0.47,1204.444444
33.5,18,14.6,13.5,7.09,0.419,2.84,11,0.356,0.189,0.41,1198.888889
16.3,9.27,67.3,1.86,0.838,0.271,0.873,2.99,0.259,0.072,1.36,1165.555556
25.5,9.17,4.85,15.6,12.7,1.56,0.871,30.1,0.47,1.8,0.95,1243.333333
58.4,24.7,3.2,3.2,1.6,1.7,1.5,,1.2,0.1,0.37,1515.555556
65.5,28.2,0.32,0.183,0.241,0.045,0.711,,1.06,0.064,0.38,1537.777778
50.7,42.9,1.17,0.477,0.371,0.34,0.295,0.281,3.34,0.189,0.23,1537.777778
50,36.2,2.49,1.53,0.398,0.781,0.717,0.358,2.33,1.02,0.34,1537.777778
56.9,36.8,0.662,0.31,0.204,0.056,0.472,0.17,1.47,0.098,0.37,1537.777778
47.7,36.8,2,3.45,0.428,0.397,0.64,0.218,1.98,2.24,0.39,1537.777778
55.6,30.7,7.72,0.291,0.442,0.514,0.286,0.93,1.56,0.301,0.29,1537.777778
49.61,24.26,10.23,10.47,2.46,,1.61,,0.91,0.18,0.49,1310
49.73,30.78,8.08,5.78,1.39,0.43,0.65,,2.73,0.35,1.08,1482.222222
52.96,24.04,3.58,14.52,0.98,1.32,1.49,,0.92,0.08,0.13,1387.777778
61,26.28,2.37,2.37,2.02,0.31,3.34,,1.52,0.1,0.27,1521.111111
51.98,19.96,17.59,5.46,1.91,0.85,1.27,,0.81,0.09,0.76,1210
57.97,22.72,9,4.48,2.35,1.02,1.43,,0.9,0.09,0.66,1426.666667
30.02,15.25,37.04,13.19,1.89,,0.38,,0.96,0.15,0.17,1215.555556
54.82,34.71,3.79,0.52,1.51,0.18,3.65,,0.71,0.1,0.67,1537.777778
50.05,31.74,10.06,4.78,0.75,0.56,0.28,,1.32,0.45,0.18,1432.222222
45.54,21.86,15.42,9.64,1.81,3.32,1.42,,0.89,0.07,0.38,1237.777778
59.76,20.1,10.24,4.85,0.95,1.47,0.84,,1.69,0.09,0.52,1282.222222
33.27,18.81,7.97,33.41,2.3,0.45,0.63,,1.11,1.8,0.33,1193.333333
62.4,24.3,3.48,0.577,0.328,0.54,5.22,0.592,0.997,0.87,0.29,1537.777778
63,20.1,7.03,0.434,0.238,0.38,2.05,0.441,0.748,1.39,0.33,1510
61.9,18.6,5.67,2.48,0.712,0.255,4.2,1.45,0.502,1.49,0.33,1537.777778
76.7,9.94,2.12,1.59,0.418,0.24,3.75,1.98,0.295,0.578,0.39,1415.555556
26,16.9,12.1,14.7,6.4,0.74,1.11,19.8,0.655,1.54,0.39,1154.444444
32.5,15.4,8.15,13.4,6.14,0.68,0.664,18.1,0.675,1.13,0.57,1187.777778
18.8,6.49,22.2,17.4,5.28,1.7,0.308,30.8,0.38,0.068,0.32,1243.333333
83.8,11.3,1.62,0.484,0.145,,0.261,0.734,0.598,0.04,0.32,1537.777778
82.4,13.3,1.54,0.454,0.133,,0.429,0.564,0.631,0.039,0.34,1537.777778
50.5,16.2,11.9,4.4,0.913,1.07,4.78,5.29,0.477,2.39,0.35,1287.777778
51.5,17.5,9.21,4.52,0.741,0.96,4.47,2.87,0.68,3.27,0.35,1326.666667
41,24.2,12.7,4.29,2.69,0.25,1.32,6.93,1.26,0.479,0.55,1387.777778
54,18.6,4.82,5.14,1.24,2.2,1.67,6.44,0.869,0.132,0.38,1398.888889
54.7,24.4,8.33,4.3,0.417,0.25,0.396,1.05,0.878,3.09,0.49,1160
64.8,24.7,0.714,1.62,0.402,0.165,1.63,0.684,0.806,0.534,0.7,1537.777778
57.8,28.2,3.6,2.5,0.42,0.81,1.9,2.4,2.4,0.94,0.61,1537.777778
58.86778912,29.92268885,2.684719254,0.632853962,0.134219351,0.033505214,0.359339408,0.567323885,2.220507996,0.0641758,0.54,1537.777778
48.35511856,27.34881195,11.51651944,2.101402512,0.316950006,0.041570163,0.449548288,2.715555168,2.33900982,0.091132578,0.53,1498.888889
51.67087856,35.2913252,4.455417001,0.506700691,0.121733105,0.02768792,0.257665145,0.457419616,2.753349179,0.132452647,0.42,1537.777778
53.3,31.5,3,0.97,1.2,0.41,3.8,,1.7,0.36,0.25,1532.222222
59.3,28.2,4.5,0.97,1.3,1.7,2.8,1.2,1.4,0.1,0.3,1537.777778
61.8,24.6,5.6,1.2,0.87,1.9,4.5,2,1.1,0.02,0.17,1510
63,17.8,5.4,1.6,5.6,1.3,1.6,4.5,1.4,0.08,0.23,1404.444444
69.7,18.5,4.6,0.69,0.93,2,1.6,1.1,1.1,0.16,0.31,1515.555556
62.2,25.9,3.5,0.38,0.9,0.48,3.2,0.82,1.6,0.34,0.39,1537.777778
59.6,30.9,2.2,0.2,0.43,0.14,0.73,0.31,1.9,0.06,0.49,1537.777778
45.1,18.6,10.4,1.2,5.7,4.8,5.4,9.1,1.1,0.69,1.39,1326.666667
52.9,21.7,3.1,5.6,4.9,1.2,1.4,7,0.95,0.37,0.36,1426.666667
50.2,21.5,3.4,5.5,2.6,2.4,1.2,6.9,1.1,0.31,0.43,1343.333333
48.8,29.2,9.4,7.5,1.6,0.2,0.47,1.6,1.4,0.14,0.31,1537.777778
53.7,29,8.8,6.4,1.6,0.23,0.48,1.4,1.3,0.25,0.33,1465.555556
62.07466384,25.80509045,5.565750615,0.323104663,1.13901758,0.528376908,3.43702495,0.170214896,0.706548777,0.202738769,0.43,1537.777778
45.43960288,22.85255775,17.48365833,2.416936104,2.71845308,0.353845956,2.722648966,1.989781446,0.478983238,1.090182868,0.36,1393.333333
49.7,24.5,11.6,4.2,2.2,0.21,1.6,7.3,0.86,0.09,1.85,1376.666667
34.8,15.2,6.13,18.4,3.99,0.986,0.614,19,0.645,0.078,0.33,1171.111111
22,13,12.3,15.5,3.4,1.1,0.98,26.4,0.28,0.66,2.04,1160
66.5,14.6,2.3,3.4,1,1.7,2.5,3.6,0.26,0.03,0.68,1476.666667
55.40528,28.90935,6.619511,0.4659336,0.895428,0.337,2.65012,0.6792384,0.6805848,0.07745608,0.38,1537.777778
58.4,23.1,5.6,2.9,0.38,0.12,1.3,1.7,1.7,1.2,0.38,1537.777778
64.9,25.4,3.6,0.99,0.38,0.1,1.6,0.26,1.6,0.66,0.42,1537.777778
74.7,26.2,1.5,0.43,0.34,0.08,1.5,0.37,1.7,0.64,0.23,1537.777778
62.1,27.3,2,3.5,0.38,0.22,1.6,0.6,1.7,3.4,0.55,1537.777778
27.2,15.8,16.2,14.9,1.8,0.34,1.8,20.3,0.54,0.08,0.77,1154.444444
40.8,23.8,17.3,2,1.7,0.44,2.6,10.7,0.4,0.05,0.99,1321.111111
19,8.8,47.6,9.5,1.6,0.28,0.84,14,0.3,0.55,1.49,1093.333333
25.4,16.8,15.5,11.3,6.2,2.2,1.7,23.1,0.23,0.17,1.52,1137.777778
24.8,13.8,37.4,6.5,1.8,0.09,2.1,15.1,0.35,0.05,1.49,1171.111111
53.26608,16.47644,20.30174,0.5932608,0.895428,0.461016,2.481476,0.736674,0.6655719,0.12076732,0.97,1271.111111
28.23744,1.420904,67.1959,2.056824,0.10993866,0.171196,0.06601208,1.7755092,0.07039382,0.166141,1.54,1110
51.3408,21.9182,14.082545,1.3124496,1.1972204,0.752184,2.999454,1.3809516,0.8757525,0.11939236,0.75,1387.777778
32.2,31.9,25.5,5.3,0.44,0.54,0.32,2.6,1.1,1.9,1.04,1337.777778
23.2,3.3,49.9,19.1,2,0.61,0.23,8,0.09,0.22,1.32,1171.111111
34.4,19.2,23.2,9.8,0.54,1.2,1,10.5,0.37,0.15,0.82,1310
53.6,21.2,16.1,2.4,0.82,0.32,2.2,3.5,0.81,0.43,1.28,1310
37,23.3,30.4,2.59,0.932,1.7,2.9,2.86,0.742,0.855,0.03,1371.111111
48.7,13.6,21.9,5.87,0.731,3.2,1.12,6.49,0.628,0.1,0.95,1215.555556
40.4,29.2,19.9,1.94,0.888,3.4,2.41,3.87,1.01,0.2,1.14,1371.111111
32.4,21.8,27.5,5.11,0.929,2.4,1.8,6.24,0.642,0.1,0.66,1260
60.7,31.7,7.67,0.872,1.08,0.81,2.4,1.02,0.875,,0.42,1537.777778
49.6,34.8,4.44,0.52,1.26,0.284,2.17,0.786,1.11,0.09,0.69,1537.777778
47.8,27.8,11.7,1.56,2.1,0.235,1.69,1.35,1.17,0.097,0.45,1454.444444
53.2,37.4,2.75,0.247,1.23,0.252,2.32,0.188,1.27,0.067,0.28,1537.777778
53.9,33.1,2.91,0.238,1.34,0.245,2.46,0.55,1.16,0.094,0.22,1537.777778
51,34.9,2.76,0.29,1.5,0.268,2.83,0.423,1.16,0.111,0.18,1537.777778
44.9,31.8,9.78,2.23,1.42,0.216,1.04,2.7,1.1,0.264,0.99,1537.777778
17.3,9.47,63.2,0.828,0.312,1.32,0.928,2.89,0.333,0.148,1.07,1148.888889
32.6,20.7,24.6,3.86,0.406,3.89,0.637,8.55,0.694,0.26,0.65,1221.111111
43.1,14.1,32.1,0.582,0.785,0.418,2.3,1.02,1.02,0.081,0.6,1187.777778
39.3,26.8,18.3,1.18,0.945,2.7,3.58,2.8,0.809,0.361,1.08,1371.111111
37.2,22.9,12.7,5.36,1.16,5.35,2.27,9.68,0.752,0.192,1.05,1315.555556
45.3,32.2,7.82,1.24,1.44,1.95,3.96,1.7,0.656,0.143,0.89,1537.777778
37.2,26.1,18,1.85,1.06,3.4,2.83,3.71,0.876,0.161,1.08,1360
36.3,22.8,16.8,4.33,1.02,5.3,2.78,7.3,0.758,0.128,1.06,1271.111111
32.9,21.4,31.6,1.55,1.1,2.12,2.78,3.4,0.665,0.32,0.99,1348.888889
27.2,27.1,22.3,7.3,0.94,1.3,0.16,8.9,0.67,0.06,0.65,1326.666667
51.9,38.2,1.67,0.702,0.294,0.48,0.048,0.518,1.46,0.37,0.37,1537.777778
49.1,26,13.1,0.752,1.11,0.112,3.12,0.875,0.686,0.295,0.52,1460
57,34.9,5,0.36,0.17,0.08,0.43,,2.4,0.6,0.2,1537.777778
53,30.3,4.2,1.7,0.42,0.2,2.3,0.5,2.7,0.82,0.69,1537.777778
28.2,13.5,50.7,0.96,0.22,0.13,1.7,0.53,0.92,0.39,1.41,1098.888889
34.57,12.93,12.80,22.58,5.84,1.53,0.40,6.88,0.82,0.79,0.12,1250
38.48,12.62,12.62,22.10,5.01,1.56,0.52,5.52,0.72,0.35,0.08,1310
26.63,11.65,12.81,22.92,5.50,1.13,0.33,17.16,0.59,0.13,0.12,1260
36.18,12.42,12.24,22.40,5.73,1.52,0.43,7.01,0.67,0.52,0.12,1230
33.40,12.31,12.09,22.04,5.24,1.42,0.36,11.02,0.63,0.75,0.11,1240
37.44,12.04,12.29,22.62,5.58,1.53,0.22,6.86,0.56,0.34,0.11,1320
37.64,11.77,12.47,22.82,5.95,1.57,0.33,5.88,0.56,0.38,0.12,1290
37.69,11.78,12.48,22.85,5.96,1.57,0.33,5.89,0.56,0.38,0.12,1230
34.44,12.41,12.90,22.82,5.38,1.20,0.54,8.59,0.71,0.42,0.12,1230
37.46,12.08,11.78,22.75,5.65,1.56,0.37,6.82,0.61,0.52,0.12,1250
36.13,12.54,11.91,22.80,5.07,1.58,0.34,8.47,0.72,0.14,0.12,1260
38.92,13.80,10.23,20.21,4.31,1.51,0.42,9.08,0.71,0.29,0.12,1280
38.72,12.56,12.52,22.44,5.10,1.35,0.41,5.63,0.74,0.06,0.12,1230
35.36,12.03,12.20,22.62,5.93,1.53,0.37,8.54,0.69,0.25,0.12,1270
38.64,12.50,12.00,22.70,5.76,1.59,0.36,5.01,0.74,0.35,0.12,1300
35.64,11.40,12.37,22.36,5.26,1.51,0.30,9.15,0.78,0.28,0.12,1260
35.55,12.06,12.19,22.19,5.20,1.55,0.35,9.02,0.77,0.28,0.12,1260
36.29,12.94,12.64,22.09,5.14,1.58,0.35,7.27,0.68,0.36,0.12,1260
36.44,10.20,12.49,22.51,5.13,1.56,0.83,9.67,0.43,0.12,0.12,1370
36.91,12.73,12.20,22.17,4.86,1.49,0.71,7.12,0.60,0.37,0.08,1340
36.34,12.30,12.08,22.29,4.31,0.98,0.64,9.45,0.74,0.28,0.09,1270
38.61,12.76,12.43,22.39,5.45,1.51,0.37,4.79,0.92,0.21,0.10,1310
37.01,12.82,11.56,22.45,5.26,1.31,0.53,7.03,0.81,0.69,0.08,1260
38.61,12.76,12.43,22.39,5.45,1.51,0.37,4.79,0.92,0.21,0.10,1310
34.75,12.58,12.58,22.26,5.02,1.54,0.59,9.21,0.62,0.59,0.12,1330
34.14,12.84,11.84,22.86,5.79,1.35,0.67,9.02,0.64,0.62,0.11,1340
35.81,12.88,12.47,22.11,5.41,1.54,0.30,8.29,0.26,0.45,0.09,1300
37.36,12.54,12.40,19.79,5.19,1.26,0.42,9.20,0.90,0.46,0.12,1250
35.13,12.94,12.03,22.43,5.20,1.35,0.34,9.21,0.55,0.36,0.12,1340
32.70,12.41,12.80,22.97,5.90,1.56,0.43,9.46,0.48,0.61,0.12,1290
37.52,12.07,8.92,22.70,5.35,1.55,0.48,9.81,0.72,0.36,0.11,1330
55.32,27.82,6.17,3.43,0.83,1.05,0.89,1.83,1.37,0.38,0.62,1475
39.93,12.09,12.44,22.37,5.65,1.06,0.27,4.65,0.71,0.37,0.10,1300
50.26,28.35,7.97,6.01,2.52,0.48,0.81,1.61,0.95,0.84,0.21,1380
38.19,11.09,11.03,22.33,4.93,0.73,0.21,10.04,0.47,0.65,0.12,1320
36.71,12.57,12.74,22.16,5.72,0.56,0.34,7.28,0.69,0.44,0.12,1270
37.78,12.27,12.46,22.66,5.17,0.95,0.31,6.39,0.91,0.40,0.12,1360
36.87,12.85,12.77,22.07,5.04,1.44,0.40,6.92,0.75,0.46,0.11,1300
37.16,12.20,12.64,22.66,5.54,1.28,0.30,6.44,0.64,0.42,0.12,1330
46.10,26.91,8.11,8.62,2.64,0.93,0.64,3.68,0.84,0.20,0.33,1420
35.59,12.43,12.58,22.87,5.27,1.11,0.25,7.88,0.62,0.46,0.10,1350
49.92,26.05,6.98,8.63,1.42,0.95,0.50,3.56,0.83,0.42,0.33,1450
35.52,12.39,10.00,22.73,5.02,1.52,0.47,10.11,0.96,0.51,0.07,1320
33.30,12.80,12.07,22.54,5.81,1.30,0.54,10.37,0.80,0.16,0.10,1320
39.48,12.39,12.67,22.12,5.16,1.21,0.89,4.44,0.57,0.47,0.11,1240
40.20,10.70,12.48,22.31,5.34,1.58,0.80,5.01,0.66,0.53,0.10,1280
32.99,12.79,12.81,22.88,5.32,1.59,0.84,9.25,0.72,0.29,0.11,1330
34.31,12.89,12.67,21.70,5.60,1.53,0.61,8.81,0.70,0.72,0.07,1320
39.86,12.17,12.50,22.03,5.18,1.37,0.46,4.53,0.79,0.75,0.10,1340
47.58,27.28,9.32,8.35,2.10,0.65,0.88,1.62,1.12,0.31,0.39,1350
38.70,12.26,12.51,22.96,5.19,0.93,0.88,4.83,0.56,0.78,0.10,1330
37.63,12.47,12.57,22.79,5.36,0.66,0.57,6.48,0.70,0.27,0.12,1300
49.38,29.15,7.33,6.15,2.24,0.49,0.61,2.71,0.77,0.62,0.41,1310
49.77,32.35,6.93,5.05,1.88,0.63,0.74,0.29,0.87,0.62,0.37,1390
36.17,12.69,12.25,22.58,5.46,1.56,0.68,7.03,0.78,0.38,0.11,1340
47.32,33.74,8.33,5.18,1.79,0.51,0.50,0.58,0.97,0.74,0.42,1420
38.14,12.83,12.27,22.65,6.03,0.81,0.79,4.31,0.86,0.45,0.17,1310
48.36,31.61,7.26,5.88,1.35,0.57,0.95,1.52,1.05,0.81,0.33,1390
37.02,12.44,12.96,22.20,5.28,1.68,0.43,6.29,0.63,0.71,0.12,1280
48.28,27.08,10.34,5.85,1.65,0.52,0.87,3.18,0.94,0.42,0.33,1320
37.02,11.56,12.16,22.50,5.16,0.66,0.27,9.12,0.58,0.52,0.11,1290
48.28,11.96,12.11,22.39,5.81,0.74,0.30,5.44,0.77,0.38,0.10,1300
39.66,9.24,12.30,22.05,5.41,0.49,0.27,9.07,0.62,0.27,0.12,1340
33.19,12.73,12.72,22.85,5.20,1.59,0.36,8.74,0.86,0.57,0.10,1330
37.38,11.67,12.20,22.75,5.52,1.53,0.35,7.12,0.65,0.37,0.12,1390
49.92,29.82,6.20,6.99,1.52,0.73,0.70,2.25,0.80,0.60,0.35,1350
36.67,12.35,10.25,22.60,4.84,1.19,0.25,10.36,0.55,0.41,0.12,1240
36.65,12.92,12.51,22.84,5.81,0.77,0.21,6.57,0.73,0.33,0.11,1310
54.85,28.74,5.19,4.00,1.47,0.54,0.82,1.96,0.86,0.59,0.39,1340
52.18,29.33,5.50,6.04,1.19,0.84,0.39,1.70,1.01,0.28,0.28,1450
39.26,12.39,12.25,22.11,5.26,1.42,0.36,5.26,0.81,0.51,0.12,1290
42.16,12.64,10.84,22.01,5.53,1.36,0.45,3.41,0.74,0.47,0.10,1320
43.95,26.66,9.75,7.59,2.23,0.52,0.90,6.28,0.96,0.35,0.34,1310
53.21,27.16,7.15,5.31,2.37,0.68,1.06,1.26,1.06,0.41,0.37,1380
48.43,30.48,11.58,3.83,1.53,0.39,0.79,0.70,1.09,0.73,0.34,1370
33.88,12.50,12.74,22.53,5.96,1.19,0.33,9.10,0.65,0.51,0.09,1290
39.94,12.59,11.07,22.87,5.89,0.93,0.47,4.72,0.82,0.33,0.10,1300
31.45,12.90,12.22,22.41,5.55,0.99,0.42,12.34,0.73,0.31,0.10,1320
35.56,12.93,11.65,22.79,5.79,0.90,0.52,7.45,0.95,0.70,0.12,1230
36.03,12.41,12.70,22.40,5.44,1.01,0.50,7.60,1.00,0.43,0.11,1290
42.38,12.42,10.14,22.45,4.81,1.58,0.42,4.09,0.81,0.33,0.11,1240
44.80,25.80,10.06,7.17,3.46,0.48,0.87,5.10,0.93,0.31,0.46,1320
35.86,12.77,12.68,22.05,5.75,1.53,0.46,7.28,0.64,0.43,0.10,1240
52.51,28.72,5.01,5.68,1.27,0.87,0.41,2.72,0.99,0.22,0.43,1390
39.43,12.47,12.48,22.85,5.72,1.57,0.59,3.02,1.00,0.30,0.12,1260
35.97,12.50,12.30,22.94,5.27,1.56,0.45,6.97,1.00,0.41,0.12,1260
40.43,12.82,11.09,22.78,4.46,1.23,0.62,4.49,0.99,0.59,0.12,1270
37.22,12.73,11.63,22.62,5.05,1.28,0.53,6.62,0.95,0.64,0.12,1270
36.00,11.84,12.89,22.37,5.57,1.56,0.43,7.47,0.93,0.24,0.12,1260
42.72,22.43,10.47,6.59,2.02,1.88,0.36,11.99,0.74,0.58,0.48,1290
42.68,11.45,16.33,9.66,9.91,0.63,0.64,6.87,0.89,0.31,0.16,1260
41.90,10.13,10.59,22.06,4.74,1.15,0.25,0.22,0.36,0.52,0.11,1320
45.95,29.40,11.73,4.15,1.80,0.41,0.67,3.22,1.10,0.89,0.44,1360
34.78,11.05,12.69,22.12,5.03,1.52,0.26,0.39,0.66,0.77,0.12,1250
40.19,12.61,10.80,22.44,4.80,1.24,0.42,6.00,0.75,0.31,0.12,1230
49.63,29.74,9.72,4.15,1.86,0.45,0.76,1.33,0.88,0.65,0.34,1360
41.81,12.75,12.11,17.98,4.33,1.59,0.38,7.25,0.91,0.49,0.12,1250
42.10,12.54,12.02,19.99,4.48,1.57,0.35,4.94,0.73,0.37,0.12,1300
37.76,12.58,12.23,20.73,5.83,1.07,0.51,6.48,0.86,0.58,0.12,1330
45.81,12.11,12.01,17.73,4.42,1.56,0.44,0.28,0.83,0.47,0.11,1230
49.34,30.91,8.94,4.05,1.79,0.40,0.63,1.21,1.09,0.87,0.34,1390
43.88,12.23,12.60,16.21,4.60,1.52,0.42,6.35,1.21,0.37,0.11,1230
37.96,12.33,12.83,24.38,5.67,0.95,0.41,3.85,0.70,0.46,0.10,1290
36.21,12.68,12.25,24.88,5.27,1.59,0.47,5.11,0.67,0.36,0.11,1280
37.64,12.37,12.74,23.47,5.52,1.51,0.49,4.50,0.78,0.54,0.11,1320
38.75,12.40,10.37,21.23,3.86,1.56,0.48,9.60,0.94,0.38,0.12,1230
50.01,30.84,6.97,3.87,1.82,0.36,0.77,2.71,1.09,0.87,0.33,1390
42.10,10.22,20.11,8.99,8.56,0.43,0.87,6.89,0.91,0.39,0.16,1280
39.69,11.32,11.94,22.26,4.04,1.51,0.50,7.41,0.60,0.54,0.11,1250
38.36,12.16,12.23,20.53,4.77,1.33,0.61,8.33,0.78,0.41,0.12,1280
37.84,12.46,12.07,22.21,5.68,1.52,0.41,6.10,0.91,0.34,0.12,1280
52.29,21.87,9.51,6.21,1.86,0.34,0.61,6.00,0.64,0.36,0.40,1310
38.26,12.52,12.66,22.43,5.37,1.42,0.49,4.98,0.90,0.44,0.12,1260
49.83,27.50,7.72,4.29,2.16,0.63,0.90,4.29,0.91,0.84,0.30,1370
52.58,28.58,7.42,3.78,1.93,0.50,0.80,2.14,0.94,0.65,0.33,1340
40.29,12.06,12.57,22.22,4.57,1.43,0.52,4.52,0.81,0.38,0.12,1290
38.75,12.34,12.23,22.26,5.36,1.53,0.40,5.50,0.70,0.65,0.12,1320
37.22,12.37,12.22,22.38,5.01,1.27,0.57,7.48,0.67,0.39,0.12,1270
51.87,28.94,6.54,4.31,2.15,0.53,0.75,2.48,0.96,0.73,0.33,1330
51.62,30.91,7.03,3.96,1.92,0.52,0.83,1.06,0.69,0.57,0.35,1360
52.48,25.73,8.27,4.93,1.48,0.33,0.81,4.15,0.99,0.41,0.37,1490
53.12,30.00,6.77,1.60,2.13,0.39,0.17,2.75,1.15,0.88,0.36,1370
39.19,12.18,12.84,22.24,5.37,1.54,0.62,4.52,0.75,0.44,0.12,1320
54.50,24.24,6.70,5.62,1.52,0.77,0.41,4.26,0.70,0.28,0.49,1420
39.25,12.70,11.81,22.11,4.38,1.37,0.43,6.24,0.56,0.35,0.12,1300
37.86,12.66,12.87,22.20,5.44,1.55,0.57,5.19,0.79,0.41,0.12,1270
37.71,12.49,12.68,22.39,5.49,1.40,0.63,5.46,0.83,0.38,0.12,1270
55.16,26.51,6.12,4.67,1.43,0.54,0.73,2.88,1.02,0.34,0.48,1470
39.48,12.86,12.08,22.38,5.24,1.57,0.43,4.18,0.75,0.45,0.10,1270
45.38,28.40,6.94,6.10,4.76,1.08,0.37,4.50,1.04,0.38,0.40,1460
36.65,12.80,12.01,22.48,5.35,1.51,0.55,6.85,0.76,0.62,0.12,1300
37.92,12.09,12.13,22.42,5.16,1.39,0.75,6.27,0.91,0.43,0.12,1270
39.95,12.91,10.31,22.23,5.38,1.17,0.48,5.38,1.27,0.35,0.11,1300
49.13,30.84,7.02,3.75,1.68,0.60,0.86,3.86,0.83,0.71,0.38,1340
42.31,24.88,6.90,7.91,8.73,0.81,0.62,5.20,0.96,0.67,0.40,1310
51.12,24.82,6.83,6.19,2.38,0.70,0.60,4.80,0.92,0.50,0.42,1330
39.00,15.60,21.40,8.80,8.30,0.22,0.85,4.97,0.91,0.11,0.35,1230
41.66,12.17,12.98,20.06,4.92,1.22,0.50,5.10,0.67,0.41,0.11,1250
52.08,28.24,6.52,3.67,1.66,0.47,0.87,4.11,0.24,0.82,0.41,1340
39.87,12.59,12.28,22.73,5.16,1.57,0.41,4.12,0.56,0.44,0.11,1340
35.78,14.35,9.09,22.58,9.90,3.41,0.86,2.33,0.71,0.35,0.16,1290
50.07,28.26,6.84,3.59,1.85,0.51,0.83,5.65,0.98,0.77,0.39,1340
50.61,25.33,7.25,6.47,2.77,0.71,0.73,4.16,0.94,0.39,0.35,1300
41.91,8.00,12.33,22.17,5.49,1.51,0.44,5.13,0.69,0.40,0.11,1330
40.32,12.52,11.64,22.07,7.97,1.58,0.53,5.44,0.89,0.50,0.12,1310
47.42,12.13,12.80,16.10,5.00,1.24,0.46,2.78,1.05,0.43,0.12,1250
38.20,27.02,8.74,11.48,2.52,0.74,0.50,9.19,0.78,0.24,0.41,1360
42.51,12.05,11.45,20.87,4.21,0.97,0.47,5.06,0.79,0.36,0.12,1360
40.41,12.45,12.48,22.34,4.64,1.24,0.30,3.94,0.62,0.96,0.08,1260
41.43,12.14,11.22,22.44,4.77,1.38,0.45,4.37,0.63,0.67,0.11,1310
44.15,29.00,7.80,7.00,2.57,0.70,0.52,6.11,0.81,0.70,0.30,1320
38.71,12.42,12.63,22.55,4.53,1.54,0.32,5.39,0.87,0.54,0.12,1250
38.77,12.56,11.86,22.80,5.02,1.55,0.64,5.31,0.57,0.38,0.11,1320
39.00,15.00,14.40,10.53,8.58,0.25,1.22,9.73,0.75,0.17,0.35,1220
51.95,25.54,6.12,6.16,2.53,0.77,0.84,3.76,1.04,0.39,0.37,1330
36.70,12.16,12.44,22.37,4.57,1.51,0.30,8.51,0.49,0.48,0.12,1310
37.92,12.26,12.26,22.60,4.66,1.53,0.52,6.47,0.60,0.59,0.12,1300
47.77,12.84,11.64,15.98,2.21,1.53,1.06,5.29,0.63,0.81,0.09,1250
46.78,24.52,9.36,7.30,4.00,0.92,0.46,4.88,0.98,0.45,0.32,1320
58.56,17.86,6.45,5.85,2.18,1.20,0.58,5.77,0.81,0.60,0.30,1400
37.92,12.97,12.72,22.43,5.95,1.55,0.37,4.80,0.67,0.37,0.09,1360
37.74,11.96,12.39,22.13,5.99,1.52,0.53,0.58,0.65,0.37,0.11,1280
51.12,24.19,9.25,6.25,2.58,0.42,0.69,3.66,0.84,0.36,0.45,1280
38.29,12.02,12.33,22.81,5.32,1.58,0.28,5.32,0.70,0.88,0.10,1300
40.30,11.89,12.36,19.55,5.42,1.51,0.36,6.64,0.91,0.41,0.12,1260
39.16,12.33,12.53,21.47,4.57,1.52,0.57,5.97,0.72,0.95,0.12,1280
43.78,21.62,11.80,12.56,2.14,0.56,0.40,4.65,1.02,0.40,0.39,1420
39.16,12.33,12.53,21.47,4.57,1.52,0.57,5.97,0.72,0.95,0.11,1280
38.83,12.70,11.65,22.95,4.58,1.57,0.38,5.65,0.89,0.31,0.11,1320
52.68,27.54,8.45,5.61,1.99,0.40,0.57,1.01,0.90,0.30,0.32,1440
42.29,12.35,10.33,22.91,4.33,1.52,0.34,3.66,0.89,0.94,0.10,1270
38.83,12.08,12.57,22.31,5.18,1.59,0.36,4.97,0.81,0.69,0.09,1300
52.00,26.10,4.65,4.58,2.70,0.94,0.45,6.86,0.72,0.67,0.45,1360
40.65,12.06,12.23,22.34,4.58,1.59,0.30,4.39,1.05,0.39,0.09,1300
43.04,12.94,10.73,20.65,4.02,1.57,0.40,4.35,0.89,0.98,0.09,1260
52.50,26.99,6.17,5.84,2.01,0.51,0.61,3.54,1.02,0.38,0.35,1460
40.28,25.86,11.34,9.56,2.95,1.09,0.72,5.97,0.98,0.56,0.40,1300
49.20,25.74,5.34,6.71,3.06,0.90,0.48,6.19,0.77,0.61,0.33,1340
51.36,26.55,6.67,5.98,2.22,0.46,0.69,3.79,0.98,0.48,0.30,1360
41.08,12.25,12.45,22.27,3.86,0.62,0.60,4.82,0.75,0.41,0.11,1260
42.94,12.13,11.10,22.42,3.60,0.61,0.90,4.35,0.69,0.41,0.11,1260
51.70,25.26,7.40,4.76,1.67,0.34,0.35,6.38,0.73,0.48,0.33,1420
41.89,12.46,11.70,22.80,3.30,0.56,0.56,4.62,0.77,0.42,0.11,1260
38.06,12.21,11.59,22.10,5.65,1.58,0.49,6.45,0.64,0.76,0.10,1230
52.10,25.22,6.77,6.38,2.42,0.49,0.63,4.12,0.88,0.35,0.30,1460
37.45,12.50,11.89,24.86,4.17,0.66,0.41,6.27,0.69,0.47,0.16,1230
37.60,12.45,10.77,22.92,5.17,1.21,0.32,7.38,0.83,0.86,0.14,1240
49.20,27.07,7.43,6.10,2.41,0.52,1.42,3.92,0.96,0.34,0.35,1480
35.88,12.93,12.31,22.76,5.56,1.18,0.33,7.18,0.96,0.40,0.15,1290
52.10,25.22,6.77,6.38,2.42,0.49,0.63,4.12,0.88,0.35,0.30,1460
45.04,26.01,7.03,7.47,3.35,0.90,0.52,7.05,0.89,0.58,0.36,1400
42.50,12.69,12.40,20.79,3.64,0.59,0.52,4.54,0.73,0.42,0.12,1260
48.73,22.80,8.32,7.60,2.20,1.43,0.52,6.88,0.81,0.14,0.58,1440
44.16,12.13,11.71,20.52,3.92,0.62,0.48,4.45,0.63,0.41,0.12,1310
36.74,12.72,11.75,22.73,5.54,1.38,0.38,7.28,0.73,0.38,0.15,1330
43.60,25.63,6.94,9.95,3.51,0.58,0.35,7.78,0.82,0.47,0.40,1400
48.80,26.86,7.08,6.16,2.72,0.51,0.81,4.80,1.12,0.44,0.30,1450
37.55,12.22,11.71,23.07,5.33,0.99,0.67,6.75,0.78,0.37,0.14,1280
37.77,12.10,11.69,23.35,5.38,0.86,0.55,6.91,0.69,0.27,0.14,1270
37.94,12.21,11.95,22.88,5.34,0.96,0.51,6.44,0.77,0.30,0.12,1310
49.20,25.70,5.48,6.26,0.61,0.39,0.19,7.67,1.48,0.56,0.59,1360
39.84,12.72,10.60,23.20,4.47,1.56,0.08,5.43,0.85,0.39,0.12,1240
46.30,25.48,5.82,8.40,4.08,0.96,0.44,6.63,0.50,0.42,0.48,1320
38.58,12.18,12.29,23.42,5.33,1.51,0.41,4.04,0.85,0.76,0.12,1350
43.67,25.96,6.20,7.62,3.96,0.89,0.74,8.19,0.96,0.47,0.43,1320
41.99,10.24,12.45,23.96,3.37,1.52,0.32,0.21,0.72,0.58,0.12,1300
38.20,12.61,11.27,22.83,5.67,1.53,0.57,5.48,0.89,0.55,0.09,1310
46.40,25.84,8.22,8.50,2.48,1.40,0.50,5.36,0.82,0.40,0.54,1400
41.18,10.90,10.73,23.51,5.04,1.54,0.34,5.10,0.59,0.43,0.10,1340
48.23,26.10,5.13,8.58,3.00,0.83,0.49,5.79,0.72,0.43,0.29,1340
38.21,12.46,12.97,21.49,4.79,1.56,0.85,5.70,0.95,0.51,0.12,1330
46.10,26.41,5.49,9.22,3.67,0.87,0.50,6.05,0.66,0.49,0.31,1320
39.37,11.39,12.01,22.58,5.74,1.50,0.32,5.39,0.79,0.38,0.10,1320
47.50,26.32,5.19,6.90,3.38,0.96,0.44,7.21,0.76,0.31,0.36,1320
39.20,12.66,10.83,23.82,4.60,1.55,0.38,4.74,1.01,0.66,0.11,1270
40.71,12.53,10.55,23.06,4.51,1.55,0.25,4.44,1.33,0.56,0.10,1260
50.82,27.17,4.65,5.45,2.34,1.89,0.94,4.84,0.80,0.41,0.28,1290
43.78,12.38,10.88,20.06,4.89,1.53,0.40,3.75,0.90,0.80,0.07,1310
37.32,12.48,11.23,23.87,5.01,1.55,0.29,6.22,0.91,0.54,0.12,1270
53.55,26.28,5.50,4.55,1.57,0.48,0.89,5.28,0.81,0.36,0.37,1380
36.97,12.75,12.47,23.16,5.64,1.16,0.25,5.85,0.65,0.44,0.10,1320
44.59,25.89,4.32,10.28,5.47,0.59,0.42,6.95,0.66,0.33,0.38,1300
41.98,11.40,11.78,23.40,4.44,1.57,0.32,3.34,0.68,0.62,0.12,1230
41.07,12.47,11.79,22.29,4.74,1.41,0.29,4.24,0.84,0.35,0.08,1310
40.32,12.04,10.40,23.07,4.33,1.44,0.37,6.21,0.92,0.32,0.13,1270
40.53,12.50,12.58,23.43,4.25,1.58,0.48,2.49,0.87,0.86,0.09,1270
38.11,12.25,12.23,23.52,5.31,1.51,0.34,4.19,0.95,0.91,0.18,1250
49.00,24.33,5.66,8.30,3.06,0.93,0.45,6.36,0.72,0.65,0.35,1360
43.37,17.35,9.81,14.97,5.94,1.04,0.82,4.44,0.78,0.32,0.13,1240
49.98,26.75,5.75,4.40,3.52,0.96,0.44,5.86,0.78,0.48,0.33,1340
38.52,10.52,12.38,23.41,4.72,1.58,0.29,6.74,0.81,0.57,0.11,1290
44.30,24.75,3.88,10.61,5.51,1.99,2.34,4.91,0.79,0.43,0.30,1290
39.62,12.01,12.10,23.35,5.55,1.52,0.28,3.27,0.77,0.85,0.19,1270
37.30,12.71,12.71,21.55,4.88,1.50,0.50,6.73,0.71,0.83,0.12,1250
48.90,27.88,4.75,4.50,2.64,0.97,0.36,7.22,1.06,0.64,0.31,1360
37.61,12.87,12.15,23.03,4.99,1.53,0.36,5.22,0.93,0.83,0.11,1240
49.50,28.54,3.68,7.65,2.72,0.80,0.42,4.85,0.80,0.74,0.31,1320
38.28,12.73,12.60,23.80,4.59,1.55,0.28,3.97,0.83,0.82,0.12,1250
43.64,27.04,6.44,10.35,3.32,0.88,0.44,7.17,0.86,0.40,0.48,1320
40.00,12.59,12.37,22.98,3.10,1.56,0.36,4.83,0.93,0.72,0.10,1260
37.46,12.06,12.34,23.43,4.97,1.53,0.34,6.29,0.83,0.27,0.12,1230
57.60,23.47,6.45,4.32,1.81,0.42,0.54,3.67,0.74,0.51,0.67,1380
40.02,12.53,11.91,23.19,2.75,1.60,0.48,5.92,0.68,0.36,0.10,1230
40.87,12.86,12.85,19.49,5.48,0.22,0.48,5.78,0.97,0.42,0.11,1280
37.71,12.52,12.39,23.11,5.02,1.53,0.37,5.61,0.83,0.41,0.12,1230
49.60,26.61,6.29,4.35,2.50,0.95,0.34,6.81,0.98,0.57,0.48,1320
38.02,12.01,12.39,22.99,5.50,1.52,0.46,5.35,0.83,0.32,0.12,1240
50.90,25.26,6.97,6.10,1.38,0.68,0.41,6.06,0.82,0.41,0.46,1360
36.95,12.79,12.79,23.32,5.09,1.56,0.35,5.36,0.79,0.46,0.12,1250
47.00,29.00,6.43,6.33,2.50,1.02,0.26,5.33,0.60,0.34,0.45,1360
38.02,11.20,12.54,23.37,5.65,1.58,0.27,5.69,0.64,0.55,0.15,1240
44.60,27.37,10.32,7.12,1.38,0.18,0.46,6.66,0.94,0.29,0.46,1390
49.03,15.57,10.94,11.92,5.49,0.80,1.00,3.49,0.72,0.31,0.12,1270
44.60,29.22,6.27,5.30,3.68,0.95,0.32,7.36,1.08,0.33,0.35,1340
54.12176,32.31045,3.116746,1.455168,1.301687,0.136148,2.541706,1.1162484,0.817369,1.180174,0.5,1537.777778
64.8,26.1,4.3,0.6,0.5,0.6,1.2,0.1,1.6,0.2,0.44,1450
36.2,19.2,18.6,10.7,3.2,0.8,0.9,8.9,1.2,0.3,0.34,1301
63.4,26.2,5.9,1.2,0.6,0.1,0.7,0.1,1.7,0.1,0.46,1450
65.25,20.3,8.23,1.7,1.19,0.15,1.58,0.2,1.13,0.27,0,1450
61.6,20.8,7.2,3.4,2.6,0.4,1.1,1.3,1.4,0.2,0.6,1435
35.6,16.42,18.89,15.7,7.97,0.03,0.95,3.27,1.04,0.15,0.3,1281
27.41,9.69,28.57,22.42,5.14,0.22,0.25,5.24,0.54,0.21,0.12,1260
36.19,14.55,15.18,14.48,8.59,0.51,1.18,7.63,0.76,0.28,0.13,1180
49.76,18.83,11.4,5.17,2.74,1.31,1.7,6.76,0.79,0.28,0.42,1260
51.5,27.8,6.53,2.79,1.56,1.6,0.54,5.2,0.82,0.26,0.94,1500
49.24,26.02,6.32,4.9,2.31,3.87,1.52,2.98,1.22,0.52,0.44,1320
55.35,19.27,12.57,3.62,1.38,1.09,0.91,3.69,1.07,0.67,0.88,1500
42.4,18.4,11.5,8.81,3.44,1.99,1.37,10.51,0.78,0.38,1.2,1210
36,17.29,13,16,4,2,1.3,6,1.8,0.2,0.48,1250
55.42,22.16,7.2,5.53,1.23,0.81,1.07,4.2,1.73,0.342,0.73,1430
54.76,19.34,8.4,6.69,2.08,0.87,0.86,4.72,1.64,0.338,0.71,1395
52.66,20.05,7.19,6.4,2.91,1.25,0.99,6.55,1.37,0.346,0.64,1406
53.98,19.52,8.79,6.69,1.87,0.92,1.06,4.88,1.62,0.336,0.74,1390
51.46,20.43,9.17,8.13,2.49,1.2,1.11,3.9,1.43,0.356,0.7,1400
56.93,17.89,6.76,6.37,1.86,1.11,1.06,6.02,1.32,0.344,0.75,1355
47.95,22.71,8.79,6.95,3.1,1.13,0.96,5.9,1.52,0.471,0.77,1415
48.19,22.69,8.82,7.27,2.91,1.06,1.02,5.79,1.44,0.443,0.71,1395
47.05,22.8,9.54,7.2,3.09,0.96,1.1,6.12,1.4,0.466,0.86,1385
46.24,23.32,9.54,7.49,2.88,1.09,1.13,5.88,1.58,0.451,0.77,1385
23.16,9.62,14.88,25.82,6.92,0.50,0.73,17.02,0.77,0.34,0.50,1270.00
32.24,16.04,17.97,14.85,5.78,0.85,0.69,4.44,0.64,0.18,0.16,1250.00
24.57,12.38,12.36,15.64,14.52,0.51,0.76,18.08,0.43,0.09,0.56,1280.00
30.69,6.68,19.32,18.27,12.94,1.33,0.39,8.02,0.33,0.07,0.19,1280.00
24.76,11.03,14.22,23.31,14.09,0.53,0.62,8.12,0.97,0.15,0.13,1300.00
31.98,12.67,14.56,13.86,12.53,0.51,0.63,10.59,0.84,0.16,0.30,1250.00
36.54,12.01,19.50,12.22,8.62,0.46,0.67,7.36,0.63,0.11,0.23,1290.00
39.03,19.27,14.87,6.77,5.22,0.29,1.07,10.95,0.68,0.16,0.60,1202.00
28.08,8.01,32.68,17.52,6.32,0.18,0.32,5.72,0.43,0.30,0.13,1230.00
37.78,15.75,17.11,14.33,5.05,0.71,0.82,6.10,1.45,0.53,0.12,1220.00
40.11,25.89,6.22,14.97,1.69,0.35,0.23,7.69,0.89,0.05,0.47,1364.00
27.10,5.37,22.77,30.19,11.94,0.40,0.25,0.25,0.35,0.41,0.44,1297.00
34.76,7.12,7.43,30.44,14.58,0.45,0.20,0.25,0.68,0.02,0.29,1220.00
39.54,10.08,19.82,15.93,5.48,0.27,0.48,7.26,0.64,0.18,0.20,1157.00
32.70,8.90,17.50,20.90,5.20,0.35,0.72,13.20,0.13,0.16,0.21,1240.00
35.39,12.52,14.89,18.96,8.96,0.52,0.87,6.50,0.58,0.15,0.16,1240.00
35.39,12.78,14.34,13.48,2.43,1.03,0.62,18.28,1.12,0.14,0.24,1129.00
35.00,17.10,18.00,15.10,3.04,0.33,0.76,0.30,0.37,9.24,0.31,1250.00
27.64,9.64,25.63,23.40,6.59,0.43,0.40,5.07,0.83,0.13,0.15,1241.00
19.90,10.60,25.50,20.70,8.70,0.19,0.57,12.20,0.50,0.53,0.47,1270.00
39.03,19.27,14.87,6.77,5.22,0.29,1.07,10.95,0.68,0.16,0.60,1240.00
25.21,8.18,18.23,24.44,6.39,1.03,0.61,11.27,0.38,0.21,0.31,1264.00
25.21,8.18,18.23,24.44,6.39,1.03,0.61,11.27,0.38,0.21,0.31,1264.00
39.23,18.07,17.40,6.66,2.79,1.58,1.24,9.53,0.59,0.96,0.35,1201.00
46.80,10.40,8.40,12.20,11.30,0.49,1.31,8.40,0.35,0.24,0.34,1190.00
28.33,10.07,17.37,19.41,7.57,1.44,0.81,11.73,0.49,0.42,0.32,1210.00
44.54,18.01,15.82,7.74,4.35,0.54,1.12,5.73,1.62,0.28,0.00,1339.00
35.00,17.10,18.00,15.10,3.04,0.33,0.76,9.24,0.37,0.30,0.29,1250.00
27.14,10.68,16.55,23.23,12.31,0.38,0.89,7.01,0.48,0.18,0.14,1280
25.62,11.19,17.82,24.18,11.54,0.52,0.92,6.10,0.44,0.18,0.13,1280
46.27,15.48,9.19,9.66,3.48,2.07,1.74,10.94,0.31,0.38,0.77,1270
43.87,20.14,11.59,5.63,3.86,1.97,1.20,9.14,0.82,0.29,1.07,1250
24.60,11.27,17.75,23.89,12.83,0.36,0.93,6.60,0.43,0.18,0.14,1270
43.76,18.39,12.05,8.65,3.01,1.86,0.92,8.93,0.82,0.55,0.79,1270
44.96,20.89,10.06,6.00,3.94,2.32,1.61,8.76,0.80,0.23,0.89,1230
26.92,11.76,16.68,23.76,11.14,0.22,0.86,6.63,0.57,0.19,0.14,1270
40.47,16.78,12.46,11.68,3.44,2.11,1.30,9.66,0.48,0.53,0.76,1260
48.85,22.08,10.29,4.86,3.48,1.13,1.84,6.03,0.85,0.37,0.86,1240
25.43,11.54,17.24,23.82,11.67,0.60,1.09,6.57,0.47,0.16,0.13,1280
26.31,11.30,17.54,23.83,12.04,0.24,1.02,6.05,0.55,0.16,0.12,1290
43.66,19.82,10.12,8.05,3.73,1.75,1.41,9.72,0.79,0.54,0.75,1270
47.61,20.73,10.37,5.13,3.28,1.54,1.69,7.15,0.85,0.31,0.92,1250
28.79,13.42,18.88,20.11,9.86,0.20,0.95,6.41,0.56,0.17,0.14,1260
47.39,21.09,10.09,5.67,3.17,1.59,1.70,6.22,0.90,0.31,1.03,1190
46.16,20.09,10.79,5.74,3.37,2.38,1.54,7.03,0.78,0.24,0.90,1210
45.35,20.28,10.95,5.44,3.50,1.59,1.87,8.39,0.83,0.28,1.00,1260
47.06,20.15,10.78,5.04,3.24,1.29,1.48,8.81,0.78,0.28,0.95,1200
25.63,12.54,16.83,24.37,11.79,0.46,0.91,5.46,0.55,0.16,0.12,1290
35.29,20.34,12.11,9.08,4.68,2.00,1.32,12.84,0.77,0.45,0.78,1260
47.56,20.05,10.65,4.65,3.24,1.68,1.53,8.45,0.81,0.28,0.67,1220
48.67,19.99,10.26,5.17,3.29,1.90,1.75,7.52,0.83,0.26,0.83,1190
41.07,25.73,4.70,9.77,2.60,1.98,0.33,11.38,1.11,0.41,0.64,1403
44.75,24.57,7.95,9.22,2.47,0.87,0.65,6.95,1.42,0.858,0.58,1425
44.44,25.4,7.95,8.93,2.88,0.91,0.59,6.33,1.34,0.843,0.56,1455
41.80,22.35,16.42,7.57,2.21,0.55,1.12,6.00,1.52,0.20,0.10,1244
33.21,10.62,27.31,15.39,6.36,0.19,0.32,5.38,0.43,0.33,0.15,1210
41.25,18.59,9.36,10.76,4.72,2.12,1.23,10.29,0.59,0.54,0.75,1260
47.87,22.67,10.64,4.96,2.05,0.97,1.77,6.02,0.81,0.38,0.82,1250
36.64,13.7,16.05,15.86,7.37,0.45,0.96,7.21,0.77,0.31,0.19,1220
36.54,14.6,15.05,16.23,7.37,0.48,0.96,7.05,0.77,0.24,0.16,1210
33.87,11.02,18.05,18.99,8.5,0.57,0.79,6.67,0.51,0.29,0.16,1220
34.74,13.26,16.79,17.93,8.29,0.54,0.83,5.93,0.63,0.36,0.18,1230
33.26,16.06,19.05,14.15,5.12,0.9,0.81,8.55,1.1,0.23,0.14,1230
34.22,16.53,19.25,13.55,5.02,0.88,0.77,7.58,1.19,0.21,0.14,1170
35.17,10.95,17.62,18.54,8.98,0.59,0.9,5.53,0.65,0.29,0.16,1310
34.81,13.44,16.86,17.66,8.14,0.52,0.87,5.98,0.68,0.32,0.18,1220
34.65,11.83,16.61,17.54,9.37,0.48,0.88,6.87,0.72,0.29,0.17,1240
33.65,12.35,17.6,18.53,9.32,0.34,0.77,5.68,0.71,0.33,0.18,1230
34.54,11.94,17.21,18.5,8.09,0.49,0.8,6.69,0.74,0.27,0.17,1210
35.6,18.3,10.1,15.2,4.33,3.83,1.21,10.22,0.55,0.28,0.38,1140
33.22,14.23,26.07,12.39,2.35,0.29,0.73,8.32,0.7,0.6,0.13,1130
34.41,11.35,15.36,19.58,9.17,0.55,0.92,6.83,0.73,0.32,0.17,1240
51.02,20.35,16.48,2.75,1.49,0.03,1.44,3.65,1.06,1.12,1.96,1300
34.35,12.38,16.75,18.96,8.86,0.44,0.8,5.96,0.68,0.2,0.17,1210
34.66,12.16,17.43,18.06,8.02,0.42,0.76,6.65,0.7,0.33,0.17,1230
49.6,19.44,10.87,5.73,2.44,1.46,1.37,6.5,0.75,0.31,0.58,1260
33.74,10.87,17.06,18.44,9.01,0.55,0.75,7.75,0.72,0.3,0.18,1230
33.7,12.92,16.05,17.32,9.13,0.53,0.97,7.52,0.68,0.34,0.19,1230
46.14,19.97,12.77,6.09,1.97,1.95,1.34,7.44,0.73,0.36,0.73,1250
50.29,21.42,10.57,4.88,2.13,1.52,1.44,5.52,0.84,0.34,0.77,1360
47.71,22.42,9.35,6.45,2.16,1.91,1.65,5.6,0.75,0.31,0.69,1280
46.35,18.76,11.57,6.28,3.87,2.2,1.89,6.15,1.1,0.26,0.63,1290
49.91,19.71,11.67,4.21,1.87,2.21,1.52,6.37,0.65,0.3,0.72,1300
55.89,20.71,8.7,3.22,2.23,1.26,1.85,4.92,0.69,0.26,0.66,1330
49.58,20.75,9.89,5.07,2.23,2.13,1.63,5.49,0.98,0.3,0.76,1360
50.67,18.89,12.95,4.84,1.13,1.39,1.31,6.2,0.56,0.27,0.79,1290
39.78,24.51,10.19,9.32,3.52,5.61,1.12,3.72,0.72,0.42,0.18,1220
50.36,19.56,8.3,4.91,4.04,1.96,1.46,6.95,0.8,0.25,0.78,1300
52.17,19.73,9.47,5.28,1.13,2.21,1.7,5.76,0.94,0.37,0.59,1280
50.59,19.7,10.64,5.25,1.66,2.2,1.76,6.13,0.83,0.24,0.82,1290
65.8,20.1,6,2.53,1.27,0.33,1.39,0.8,1,0.68,0.51,1370
42.1,24.49,10.74,9.24,2.98,3.35,1.43,3.19,1.1,0.37,0.16,1200
48.94,20.57,10.21,6.07,1.72,1.7,1.79,6.2,0.92,0.35,0.61,1260
54.4,23.26,7.52,4.9,1.47,1.34,2.15,2.75,1.03,0.52,0.48,1500
34.13,11.67,17.64,18.83,8.66,0.58,0.93,5.8,0.71,0.3,0.13,1250
34.21,12.73,16.09,18.46,8.97,0.48,0.91,6.09,0.74,0.27,0.16,1250
33.93,12.5,17.55,18.62,8.54,0.52,0.86,5.77,0.75,0.24,0.14,1270
52.61,22.37,8.39,5.64,3.49,0.73,1.56,3.79,0.88,0.29,0.58,1290
36.18,12.69,15.99,18.1,8.73,0.61,0.84,5.18,0.69,0.25,0.16,1260
34.45,10.77,17.53,20.39,9.23,0.49,0.92,4.53,0.75,0.27,0.13,1220
43.84,18.5,13.21,11.42,3,3.39,1.07,3.12,0.98,0.42,0.14,1190
48.3,19.75,9.79,5.96,3.95,2.2,1.23,6.39,0.78,0.22,0.63,1250
35.8,12.58,16.66,17.83,8.76,0.56,0.86,5.08,0.68,0.31,0.13,1250
34.15,11.04,17.7,19.5,8.78,0.45,0.87,5.743,0.75,0.29,0.13,1270
36.62,12.49,13.41,19.74,9.67,0.46,0.81,4.89,0.73,0.32,0.13,1300
53.81,20.59,9.8,4.45,0.66,1.76,1.85,5.11,0.68,0.3,0.64,1290
48.24,15.11,9.7,9.09,2.39,3.79,0.98,9.14,0.58,0.33,0.81,1190
35.87,11.83,16.27,19.64,8.91,0.41,0.8,4.46,0.74,0.26,0.81,1330
27.3,10.78,15.1,23.27,12.68,1.07,0.75,6.97,0.54,0.31,0.14,1280
50.89,23.52,11.5,4.1,1.59,1.16,1.73,3.29,0.9,0.47,0.48,1410
33.3,12.6,15.8,21,10.1,0.5,0.56,5.2,0.42,0.217,0.27,1280
52.04,19,11.77,5.98,0.75,1,1.84,6.15,0.75,0.33,0.77,1310
34.83,11.85,16.54,19.26,9.36,0.47,0.91,5.03,0.72,0.26,0.14,1310
41.37,17.63,9.83,9.87,2.46,3.48,1.07,12.82,0.65,0.29,0.7,1220
46.9,24.24,7.09,6.02,1.66,3.9,0.68,7.24,0.91,0.351,0.43,1340
36.4,21.1,9.6,12.53,3.48,4.98,1.26,8.72,0.97,0.53,0.48,1250
33.4,11.56,18.72,19.8,8.38,0.55,0.8,5.09,0.77,0.25,0.14,1310
31.9,12.4,16.5,22.1,8.6,0.5,0.88,6,0.7,0.213,0.29,1200
51.7,24.75,9.79,3.17,2,1.31,1.8,3.48,0.91,0.48,0.48,1460
34.15,11.26,17.77,18.59,9.25,0.64,0.81,5.71,0.75,0.26,0.1,1310
34.86,11.07,17.67,19.19,8.1,0.54,0.97,5.85,0.73,0.3,0.14,1300
40.95,20.3,14.16,8.78,3.63,3.46,1.05,5.89,0.95,0.31,0.94,1190
41.87,20.3,10.64,10.2,3.69,4.14,1.11,6.21,0.74,0.39,0.7,1190
35.71,11.86,16.57,18.79,8.29,0.38,0.76,5.76,0.72,0.27,0.14,1320
29.46,25.74,8.82,18.04,3.97,1.46,1.03,9.7,0.57,0.37,0.82,1220
34.36,16.16,11.96,8.63,5.1,5.84,1.52,14.23,0.71,0.39,0.88,1130
30.16,12.57,21.81,21.14,3.64,0.49,0.6,0.04,0.5,8.03,0.12,1240
26.95,11.59,25.61,10.16,5.86,1.13,0.83,15.34,0.8,0.26,1.2,1240
51.65,20.85,8.22,5.63,2.07,1.98,1.78,4.18,1.48,0.32,0.53,1260
34.56,14.87,11.06,20.37,5.6,0.92,0.68,9.82,0.69,0.39,0.25,1250
50.59,21.74,8.2,5.47,2.43,1.58,1.86,5.3,0.97,0.24,0.71,1310
49.32,20.93,8.81,6.55,2.6,1.8,1.98,5.59,0.94,0.31,0.66,1270
38.3,16.01,21.46,14.33,6.33,0.2,0.64,0.25,0.54,0.6,0.15,1190
51.29,21.16,6.87,6.36,2.71,2.75,2.2,4.09,0.73,0.35,0.34,1290
51.8,21.08,7.61,5.24,2.55,1.81,2.26,5.06,1.23,0.46,0.63,1320
49.96,13.33,10.28,8.74,2.5,4.19,0.88,8.55,0.81,0.21,0.78,1200
31.22,23.55,8.67,15.66,4.26,1.18,1.13,11.57,0.96,0.59,0.7,1230
42.83,22,20.75,4.25,1.34,0.39,1.51,4.84,1.04,0.37,1.18,1300
34.22,14.46,13.89,20.78,5.87,0.91,0.66,7.38,0.97,0.36,0.24,1290
43.7,16.54,8.99,9.02,2.7,3.6,1.12,13.01,0.5,0.27,0.78,1200
44.6,19.1,9.2,7.5,3.04,2.12,1.23,5.43,0.77,0.231,0.69,1250
52.64,23.32,9.26,3.53,2.33,1.08,2.16,3.44,0.93,0.48,0.48,1480
44.28,22.7,14.27,5.63,3.13,2.09,1.97,4.52,0.78,0.62,2,1250
39.81,26.52,15.14,4.97,2.89,0.71,1.33,5.19,1.58,0.44,1.02,1290
31.06,10.37,17.22,21.94,11.16,0.78,0.9,4.72,0.74,0.36,0.17,1360
31.4,10.63,16.2,21.23,11.36,0.72,0.89,5.85,0.68,0.21,0.19,1320
55.1,23.91,8.03,3.56,2.24,0.64,1.68,2.98,0.91,0.55,0.47,1500
30.82,11.87,24.76,16.58,3.47,0.23,0.75,9.41,0.36,0.43,0.58,1200
51.31,30.29,10.28,2.41,0.59,0.41,0.87,2.32,0.85,0.12,0.72,1520
44.33,22.65,14.02,5.55,3.19,2.22,2.06,4.53,0.72,0.68,1.77,1250
31.79,10.57,16.54,20.19,11.52,0.7,0.98,5.57,0.76,0.29,0.18,1300
29.53,10.43,28.45,18.13,6.39,0.19,0.37,5.23,0.44,0.32,0.13,1230
30.93,12.04,16.39,19.04,13.38,0.8,1,4.33,0.72,0.33,0.16,1370
53.22,25.62,7.89,3.78,1.85,0.88,1.81,2.61,0.92,0.53,0.48,1500
44.24,22.23,14.76,5.05,3.12,2.05,2.03,4.55,0.99,0.57,1.95,1250
28.36,12.24,15.63,23.72,11.86,1.04,1.09,4.09,0.76,0.25,0.2,1340
53.33,24.67,9.05,2.94,1.57,0.82,1.5,3.49,1.02,0.51,0.49,1500
41.81,14.52,11,14.71,5.5,0.72,0.67,9.55,0.83,0.42,0.19,1240
44.31,35.64,10.7,2.35,0.78,0.69,0.59,3,1.23,0.1,0.73,1490
45.5,22.06,14.25,5.27,3.16,2,2.37,4.45,0.8,0.68,2.07,1260
28.37,10.64,17.51,21.86,11.41,0.97,0.87,6.43,0.68,0.23,0.21,1350
28.74,12.3,24.08,18.1,7.97,0.21,0.59,5.62,0.67,0.57,0.13,1230
29.38,11.41,15.66,21.12,12.26,1.16,0.99,6.13,0.71,0.28,0.2,1320
28.87,11.26,15.24,23.53,12.24,1.2,0.89,4.84,0.66,0.21,0.18,1340
33.86,12.64,12.89,22.17,5.21,1.38,0.57,9.52,0.91,0.34,0.22,1320
44.07,22.08,14.04,5.63,3.13,2.99,2.12,4.53,0.75,0.61,2.15,1250
50.1,24.55,11.78,2.5,3.91,0.4,0.55,3.71,0.95,0.96,0.69,1440
29.14,13.03,17.22,20.91,10.63,1.32,0.98,4.89,0.26,0.22,0.18,1340
40.27,14.64,11.55,10.35,3.13,4.28,1.13,12.8,1,0.26,0.76,1230
28.93,13.31,16.49,22.41,10.68,0.8,0.88,4.72,0.62,0.23,0.18,1330
29.11,12.71,16.49,21,11.69,1.8,0.96,4.42,0.63,0.23,0.16,1340
29.18,11.24,29.23,16.46,6.71,0.2,0.38,5.43,0.51,0.29,0.13,1230
33.32,12.28,12.05,27.22,5.32,0.8,0.53,6.39,0.85,0.4,0.3,1260
29.14,10.95,16.89,22.17,11.37,1.29,0.96,5.31,0.6,0.21,0.18,1340
41.51,17.02,9.5,9.97,2.7,4.79,0.93,12.2,0.46,0.27,0.64,1150
28.05,11.13,17.51,22.63,11.22,1.47,0.69,5.47,0.57,0.19,0.17,1340
28.56,10.52,15.43,22.5,12.26,1.92,0.99,6.48,0.55,0.18,0.2,1330
43.41,17.24,11.48,10.02,2.9,4.45,1.07,7.74,0.78,0.18,0.59,1180
29.35,10.37,28.47,18.02,6.59,0.21,0.46,5.39,0.53,0.27,0.14,1230
53.92,24.1,11.49,1.65,0.59,0.49,0.26,4.98,1.48,0.51,0.7,1430
34.25,13.15,12.63,22.49,5.46,1.22,0.81,8.14,0.95,0.38,0.3,1320
27.52,10.51,17.91,24.17,10.63,0.75,0.76,5.89,0.52,0.19,0.16,1330
27.65,10.2,16.23,23.69,12.45,1.29,0.94,5.58,0.55,0.21,0.18,1330
44.18,22.3,14.05,5.43,3.14,2.51,2.22,4.25,0.94,0.67,2.3,1280
27.28,11.65,15.67,22.68,12.12,1.88,0.82,5.82,0.64,0.21,0.18,1340
37.17,18.53,13.98,10.79,3.13,1.05,1.24,12.14,0.7,0.4,0.75,1210
40.2,18.1,11.8,9.98,4.96,4.74,1.03,8.05,0.61,0.36,0.8,1180
43.5,12.88,12.65,10.5,3.8,3.23,0.97,11.14,0.67,0.19,0.8,1210
33.42,14.68,13.24,20.43,5.64,1.42,0.86,8.65,0.7,0.4,0.29,1270
44.2,22.31,14.01,5.58,3.12,2.32,2.17,4.51,0.71,0.68,2.3,1270
26.23,14.47,41.87,4.81,2.26,0.34,1.02,6.72,0.53,0.42,0.46,1280
41.42,15.1,10.8,10.3,5.1,4.9,0.66,9.15,0.62,0.41,0.72,1180
41.42,15.1,10.8,10.3,5.1,4.9,0.66,9.15,0.62,0.41,0.77,1240
40.47,21.21,11.69,7.45,3.37,1.12,1.42,10.52,1.7,0.42,0.9,1250
44.08,22.24,14.62,5.5,3.11,2.29,2.11,4.32,0.71,0.67,2.25,1280
29.08,12.19,17.01,20.62,11.58,1.44,1.08,5.07,0.8,0.22,0.16,1370
28.35,12.26,14.35,23.4,11.61,1.74,0.88,5.8,0.67,0.22,0.16,1340
50.02,29.76,7.26,5.42,1.65,0.58,0.73,2.44,1.04,0.89,0.66,1390
39.7,14,11.3,11.9,4.44,4.85,0.78,11.05,1,0.52,0.84,1160
29.71,10.24,15.25,22.22,13.1,1.29,1.03,5.66,0.46,0.21,0.14,1260
44.18,22.17,14.34,5.38,3.2,2.16,2.15,4.68,0.7,0.68,2.38,1260
29.29,12.04,15.85,22.1,10.05,1.95,0.9,6.5,0.55,0.19,0.16,1270
24.55,11.64,40.47,6.93,2.86,0.5,0.76,9.68,0.67,0.46,0.48,1270
42,12.4,11,11.43,5.5,3.83,0.8,11.14,0.9,0.56,0.92,1190
51.15,28.77,7.88,4.35,1.05,0.51,0.68,3.15,0.89,0.77,0.52,1400
28.03,9.83,26.92,18.82,8.78,0.23,0.63,5.52,0.4,0.32,0.15,1220
27.58,11.52,16.83,22.62,12.13,1.24,0.98,5.82,0.55,0.2,0.16,1300
48.45,32.2,6.86,5.32,2.23,0.55,0.82,1.22,0.95,0.75,0.55,1410
50.36,28.54,5.78,6.89,2.58,0.58,0.76,1.58,1.25,0.78,0.42,1360
25.78,10.87,44.87,5.24,2.56,0.19,0.71,7.63,0.85,0.45,0.61,1250
27.92,12.54,16.91,21.89,10.84,1.26,0.99,5.91,0.57,0.22,0.18,1300
27.19,10.54,25.74,19.09,10.64,0.21,0.56,4.47,0.75,0.31,0.14,1220
44.13,22.37,14.22,5.52,3.15,2.16,2.64,4.18,0.69,0.65,2.38,1260
51.18,29.91,5.29,6.83,2.1,0.42,0.44,2.31,0.63,0.48,0.48,1360
43.83,22.75,14.18,5.66,3.14,2.2,2.15,4.56,0.56,0.68,2.18,1280
41.28,31.75,5.14,9.67,1.9,2.33,0.44,4.36,1.3,0.3,0.78,1370
34.08,12.46,12.02,22.7,7.05,0.96,0.45,7.77,0.72,0.39,0.24,1260
39.6,12.9,11.2,11.15,6.18,3.46,0.87,13.29,0.51,0.28,0.82,1210
26.93,11.76,16.78,22.86,11.4,1.78,0.93,5.59,0.81,0.19,0.16,1270
40.95,20.91,11.01,7.24,3.59,1.25,1.97,11.14,1.11,0.4,0.67,1300
29.44,12.21,16.89,21.51,11.14,1.74,0.92,4.48,0.57,0.21,0.13,1280
29.45,11.4,16.65,22.34,11.12,1.74,0.93,4.59,0.67,0.19,0.12,1250
37.5,18.53,16.04,6.19,3.48,0.35,1.11,14.81,0.89,0.43,0.7,1250
44.37,15.1,10.43,8.28,2.29,4.65,0.72,12.54,0.64,0.27,0.71,1200
28.34,10.56,25.67,18.23,9.77,0.23,0.61,5.12,0.67,0.17,0.15,1180
69.6,20.3,3.44,1.72,0.93,0.36,1.1,0.92,1,0.27,0.52,1550
27.46,10.31,26.08,19.11,10.53,0.23,0.58,4.53,0.65,0.1,0.15,1200
30.96,13.12,17.28,21.22,8.54,1.9,0.86,4.74,0.61,0.17,0.14,1230
47.21,19.97,8.75,6.38,2.78,0.94,1.5,9.74,0.67,0.27,0.68,1280
44.52,22.95,14.23,5.01,3.12,2.05,2.5,4.12,0.64,0.67,2.22,1270
45.82,18.16,9.1,9.71,2.64,5.4,1.06,6.33,0.88,0.26,0.61,1200
40.96,16.77,12.09,7.27,3.6,1.08,1.52,14.89,0.82,0.37,0.41,1210
29.1,11.42,16.26,21.26,11.74,1.21,0.93,6.3,0.74,0.17,0.13,1230
29.84,12.82,17.86,20.7,10.08,1.14,0.73,5.4,0.42,0.17,0.12,1250
53.3,17.68,9.68,3.25,1.45,1.83,1.17,9.05,0.76,0.27,0.81,1260
29.05,13.09,16.67,20,11.2,1.95,1.02,5.29,0.63,0.17,0.13,1250
44.06,22.9,14.75,5.12,3.11,2.01,2.45,4.14,0.56,0.68,2.36,1260
48.73,20.5,8.7,5.44,3.84,0.64,1.39,8.57,0.82,0.44,0.84,1260
28.83,13.08,16.25,19.99,11.34,1.62,1.02,6.07,0.64,0.19,0.16,1240
29.21,11.24,25.23,17.91,9.08,0.19,0.65,5.21,0.67,0.15,0.14,1180
34.91,12.71,12.82,20.31,5.74,1.06,0.67,9.94,0.84,0.45,0.16,1330
27.82,12.4,17.91,19.94,11.59,1.91,0.91,5.99,0.62,0.18,0.11,1280
45.52,18.12,9.99,7.46,5.12,1.24,1.44,9.38,0.78,0.3,0.63,1260
54.21,27.01,5.89,3.11,2.51,2.21,0.68,1.92,1.15,0.96,0.77,1490
28.86,12.62,16.45,19.94,12.34,1.01,0.85,6.26,0.48,0.18,0.16,1270
28.3,11.47,25.8,17.86,9.24,0.19,0.68,5.16,0.73,0.1,0.16,1210
22.92,11.52,33.51,7.6,3.5,1.43,1.93,14.55,1.04,0.49,0.42,1290
29.96,11.99,16.83,19.83,10.77,1.18,1.03,6.53,0.59,0.18,0.14,1260
29.32,12.21,14.68,20.73,12.36,1.05,1.01,7.09,0.57,0.19,0.15,1260
48.06,18.58,11.44,4.49,2.66,1.52,1.5,9.4,0.75,0.28,1.04,1280
29.94,10.8,15.24,22.4,11.09,1.74,0.97,6.48,0.57,0.18,0.16,1250
27.71,12.01,26.09,17.84,9.52,0.21,0.54,4.9,0.61,0.12,0.13,1200
28.49,12.6,16.24,19.96,11.47,1.94,1.08,6.43,0.59,0.22,0.17,1260
77.7,16.1,2.64,0.64,0.36,0.1,0.7,0.42,0.7,0.13,0.54,1560
28.81,13.22,16.21,20.65,11.5,1.23,0.98,5.72,0.6,0.22,0.16,1250
28.51,12.33,25.84,17.65,8.28,0.21,0.62,5.19,0.7,0.16,0.16,1200
25.89,15.97,15.99,19.41,8.16,1.18,0.94,10.12,0.76,0.3,0.16,1250
34.74,12.97,12.8,22.62,5.89,0.82,0.39,8.04,0.79,0.4,0.2,1300
29.11,11.85,16.11,20.68,11.55,1.11,0.93,6.93,0.59,0.19,0.16,1240
54,21,6.4,4.3,1.84,0.81,2.7,3.88,0.9,0.84,0.45,1421
44.75,22.53,14.05,4.94,3.13,2.11,2.42,4.11,0.96,0.64,2.15,1260
48.18,19.82,11.74,4.95,2.62,1.52,1.49,8.26,0.8,0.32,1.06,1280
27.14,12.53,26.63,18.01,8.54,0.19,0.61,5.08,0.67,0.1,0.15,1190
44.37,22.94,14.08,4.95,3.12,2.24,2.2,4.17,0.82,0.67,2.25,1270
79.8,16.4,1.94,0.12,0.08,0.05,0.31,0.05,0.64,0.04,0.77,1560
29.64,11.97,16.24,21.48,10.67,1.28,0.94,6.15,0.58,0.21,0.16,1250
29.62,11.73,16.39,21.26,10.75,1.26,0.93,6.18,0.61,0.21,0.16,1240
29.38,11.61,16.32,20.87,11.24,1.21,0.91,6.63,0.59,0.2,0.15,1250
29.3,11.53,16.1,21.37,11.31,1.63,0.94,6,0.6,0.2,0.14,1220
27.23,12.68,26.37,17.81,8.49,0.21,0.63,5.15,0.6,0.13,0.13,1190
44.33,19.07,12.37,8.88,2.29,4.64,1.21,5.56,0.85,0.26,0.76,1190
32.02,15.05,13.04,21.26,8.98,1.52,0.99,5.74,0.49,0.18,0.15,1240
44.81,22.87,14.07,4.64,3.13,2.13,2.35,4.18,0.77,0.66,2.19,1260
34.71,12.68,11.21,22.86,6.66,0.81,0.46,9.11,0.67,0.32,0.19,1300
44.91,22.85,14.09,4.68,3.08,2.02,2.47,4.07,0.85,0.64,2.09,1320
27.85,12.24,25.73,18.08,8.61,0.21,0.79,5.21,0.76,0.16,0.11,1200
29.93,14.81,13.78,20.62,10.28,1.81,0.98,6.23,0.61,0.21,0.17,1260
27.47,12.31,25.81,18.55,8.48,0.2,0.66,5.23,0.7,0.19,0.14,1190
46.59,15.92,10.79,7.05,2.92,4.68,1.08,9.42,0.62,0.26,0.73,1190
44.62,22.53,14.11,4.68,3.16,2.18,2.49,4.38,0.82,0.66,2.29,1300
27.98,11.73,14.83,22.88,11.21,1.51,0.93,7.22,0.63,0.16,0.16,1270
29.8,12.01,17.03,21.33,10.21,1.41,1,5.66,0.68,0.17,0.16,1270
29.56,10.93,17.33,21.87,10.42,1.46,0.95,5.73,0.67,0.18,0.14,1260
43.9,22.14,14.03,5.73,3.13,2.02,2.41,4.63,0.83,0.79,2.31,1260
28.88,10.76,17.16,23,10.12,1.71,1.03,5.89,0.57,0.16,0.16,1270
26.43,12.33,26.54,18.31,9.4,0.16,0.63,4.81,0.69,0.17,0.13,1200
30.05,11.55,15.12,21.51,10.85,1.42,0.99,6.91,0.6,0.16,0.17,1250
34.77,12.3,12.93,22.76,5.76,0.59,0.55,9.01,0.48,0.39,0.27,1260
29.47,12.01,15.99,20.91,11.2,1.37,0.99,6.32,0.56,0.17,0.14,1260
44.76,22.78,14.7,4.92,2.56,2.35,2.69,3.39,0.97,0.73,2.38,1260
29.68,12.17,25.28,17.05,7.61,0.18,0.82,5.76,0.79,0.14,0.16,1200
29.02,12.33,17.21,22.02,10.08,1.38,1,5.14,0.56,0.16,0.14,1270
46.35,24.44,11.08,5.2,3.65,0.98,2.1,4.15,1.1,0.42,0.81,1260
28.73,11.29,17.26,22.18,10.14,1.63,1.05,6.3,0.57,0.17,0.17,1270
27.86,10.57,16.64,22.81,10.34,1.73,0.98,7.54,0.58,0.17,0.13,1280
44.24,22.05,14.17,5.25,3.12,2.37,2.59,3.69,0.92,0.56,2.21,1250
26.43,16.15,24.8,16.87,7.85,0.23,0.65,5.07,0.59,0.52,0.14,1220
29.6,11.23,17.45,19.11,11.34,1.98,1.09,6.37,0.5,0.19,0.14,1300
29.12,11.49,17.07,20.37,10.56,1.95,0.92,6.61,0.58,0.19,0.14,1270
27.28,10.31,16.52,22.44,11.67,1.97,0.92,6.98,0.57,0.18,0.14,1280
28.63,12.16,17.29,21.38,9.88,1.95,0.97,5.9,0.56,0.18,0.14,1250
34.64,12.91,12.94,21.01,5.9,0.87,0.37,9.61,0.83,0.48,0.2,1320
28.69,10.3,16.84,20.89,8.92,2.37,0.7,9.21,0.77,0.36,0.14,1290
39.02,17.97,12.65,9.02,4.79,1.8,1.33,11.74,0.66,0.38,1.01,1260
29.47,10.98,15.65,21.08,11.28,1.86,0.98,7.08,0.56,0.17,0.14,1260
32.9,13.57,14.91,19.13,9.32,1.96,1.17,5.46,0.68,0.18,0.16,1270
32.32,13.31,15.79,18.97,9.54,1.89,1.12,5.13,0.67,0.17,0.16,1240
32.2,11.58,14.67,20.33,10.4,2.95,1.14,5.43,0.57,0.2,0.14,1250
42.19,16.1,10.37,7.87,2.99,4.86,1.32,12.65,0.65,0.27,0.66,1190
30.22,12.29,15.38,20.74,10.18,1.93,0.95,6.72,0.59,0.18,0.14,1250
42.97,16.61,10.82,10.02,2.64,4.42,1.37,9.48,0.71,0.27,0.58,1200
28.46,11.78,15.86,22.98,11.76,0.71,0.99,5.78,0.53,0.2,0.15,1270
29.54,12.64,15.78,21.65,10.52,1.13,0.97,5.87,0.53,0.22,0.14,1270
31.39,11.66,17.02,19.11,10.9,0.88,1.01,6.04,0.62,0.18,0.15,1250
46.57,22.78,14.11,5.75,2.06,1.43,2.78,2.28,1.26,0.76,2.09,1280
30.63,12.18,16.71,20.27,10.82,0.9,0.98,5.97,0.58,0.19,0.14,1260
28.17,11.42,25.49,18.01,9.35,0.19,0.61,5.47,0.7,0.14,0.13,1200
26.18,11.69,17.29,23.11,12.62,0.47,0.78,6.16,0.59,0.19,0.14,1230
26.88,11.11,16.1,23.67,12.66,0.61,0.91,6.6,0.58,0.18,0.14,1260
42.8,15.95,12.78,8.5,2.35,4.95,1.1,10.16,0.61,0.28,0.7,1220
28.79,11.31,15.78,23.15,11.2,0.42,0.94,6.62,0.58,0.18,0.14,1250
34.77,14.71,10.56,22.49,5.02,0.83,0.37,9.87,0.81,0.27,0.2,1230
36.54,19.58,13.01,8.19,3.9,2.4,1.16,12.85,0.92,0.56,0.93,1270
45.86,25.31,13.71,4.19,1.97,2.27,2.49,1.86,0.98,0.76,2.31,1260
30.87,11.59,16.89,22.54,9.96,0.41,0.99,5.2,0.56,0.16,0.15,1250
33.75,12.28,16.29,18.92,9.52,0.56,1.01,6.08,0.56,0.19,0.14,1240
28.14,12.16,24.93,18.21,9.09,0.18,0.68,5.32,0.74,0.13,0.13,1230
28.38,12.48,24.51,18.19,9.26,0.22,0.68,4.83,0.75,0.13,0.13,1210
31.25,12.75,17.54,18.6,11.22,0.4,0.85,5.65,0.6,0.17,0.14,1260
27.01,10.67,17.5,24.31,12.22,0.3,0.74,5.33,0.53,0.17,0.14,1280
44.5,16.15,12.1,8.66,3.06,4.05,1.08,8.85,0.78,0.27,0.93,1250
45.82,25.33,12.82,4.22,2.28,2.48,2.55,2.57,0.91,0.79,1.86,1250
27.28,11.01,16.18,23.91,12.82,0.35,0.78,6.07,0.56,0.18,0.14,1280
45.69,16.13,9.98,8.41,2.38,4.49,1.06,10.15,0.81,0.28,0.76,1240
28.15,12.9,24.74,18.22,8.91,0.18,0.61,4.79,0.67,0.12,0.13,1210
46.35,24.51,12.65,4.58,2.16,2.42,2.33,2.92,1.12,0.79,1.97,1210
29.21,11.27,16.31,23.41,11.01,0.25,0.82,6.4,0.57,0.18,0.16,1270
28.29,10.48,17.15,23.37,11.78,0.45,0.88,6.13,0.59,0.19,0.15,1270
34.31,12.38,17.35,18.53,8.96,0.37,0.94,5.59,0.63,0.18,0.14,1230
34.69,12.66,12.64,22.17,5.94,0.72,0.36,8.81,0.42,0.39,0.21,1260
44.55,15.67,12.99,8.68,2.24,5.2,1.19,8.23,0.38,0.23,0.63,1240
28.53,12.59,24.24,18.11,8.61,0.16,0.63,5.86,0.7,0.11,0.14,1210
29.24,10.69,16.87,23.93,10.39,0.77,0.81,5.7,0.55,0.19,0.15,1270
28.05,12.74,24.42,18.85,8.72,0.17,0.64,4.97,0.7,0.12,0.15,1230
29.76,22.03,11.6,10.78,4.96,1.46,1.21,15.93,0.99,0.22,0.54,1280
47.86,25.12,11.94,3.63,2.32,2.06,2.14,2.28,1.59,0.77,2.2,1260
43.73,16.63,11.41,7.13,3.98,3.51,1.1,11.19,0.53,0.27,0.88,1240
29.37,12.41,24.55,18.74,7.79,0.18,0.58,5.24,0.66,0.13,0.14,1220
50.82,19.61,7.98,5.75,0.87,2.15,0.48,9.43,0.93,0.26,0.86,1260
45.58,24.39,10.97,4.9,4.38,1.02,2.09,4.46,1.04,0.45,0.68,1260
30.12,10.63,17.31,22.93,10.44,0.28,0.91,5.72,0.58,0.19,0.16,1250
41.89,15.31,10.59,7.98,2.43,4.31,1.03,14.8,0.78,0.27,0.72,1240
47.45,24.87,12.32,4.12,2.47,1.88,2.36,2.19,1.24,0.82,2.34,1250
28.66,12.36,23.54,18.34,9.52,0.17,0.72,5.16,0.75,0.13,0.14,1210
44.76,22.96,10.69,6.89,4.53,1.03,1.76,5.12,0.98,0.49,0.62,1250
28.46,12.1,23.75,18.06,9.81,0.2,0.7,5.56,0.74,0.14,0.14,1230
29.21,10.51,19.07,22.78,10.2,0.25,0.9,5.47,0.55,0.18,0.15,1250
29.21,10.51,19.07,22.78,10.2,0.25,0.9,5.47,0.55,0.18,0.15,1250
40.58,16.77,11.62,11,3.5,1.45,1.17,12.15,0.8,0.25,0.81,1230
27.52,12.1,18.43,24.79,9.51,0.31,0.78,4.93,0.57,0.18,0.14,1270
40.58,16.35,12.25,10.15,3.35,2.3,1.17,12.1,0.78,0.25,0.63,1210
47.73,21.08,10.82,5.62,3.37,1.51,1.55,6.96,0.88,0.23,1.07,1310
27.47,11.89,18.19,24.38,10,0.35,0.79,5.02,0.62,0.18,0.15,1280
48.18,26.1,13.51,3.32,1.31,0.95,0.95,1.98,1.23,0.65,0.62,1270
36.87,21.01,16.9,7.32,4.63,0.92,1.03,8.68,0.74,0.33,0.61,1280
32.46,12.86,17.2,19.8,9.22,0.3,0.8,5.56,0.58,0.17,0.13,1240
28.87,12.41,24.17,18.37,8.54,0.16,0.81,4.97,0.86,0.13,0.14,1220
49.77,20.66,9.7,3.83,2.26,1.48,1.84,8.55,0.8,0.23,0.84,1310
44.09,19.74,12.29,5.37,4.34,1.41,1.73,9.49,0.77,0.32,1.2,1250
28.53,9.85,18.86,23.63,10.12,0.49,0.93,5.81,0.59,0.18,0.14,1270
49.89,29.1,5.64,8.01,2.03,0.8,0.57,1.83,0.91,0.44,0.25,1410
47.45,23.79,12.24,4.61,2.77,1.77,2.36,2.53,1.42,0.64,2.16,1250
31.24,10.62,18.76,20.58,9.78,0.38,0.86,5.88,0.58,0.19,0.14,1260
28.13,11.51,17.4,22.64,10,0.33,0.9,7.19,0.6,0.19,0.14,1260
28.45,11.24,16.25,24.58,10.1,0.23,0.94,6.89,0.58,0.17,0.14,1270
45.34,19.81,13.09,5.72,3.66,1.49,1.49,6.73,0.82,0.31,1.16,1260
52.11,20.47,9.11,4.04,2.64,1.47,1.81,6.46,0.87,0.33,1.18,1260
31,13.72,18.74,19.13,8.82,0.39,0.84,5.84,0.55,0.18,0.13,1240
28.19,13.08,17.05,22.41,10.37,0.41,0.92,6.18,0.63,0.18,0.15,1270
51.39,21.67,9.24,3.37,2.63,1.47,1.19,6.61,0.85,6.61,0.98,1250
30.36,12.41,24.18,16.97,7.94,0.17,0.56,5.47,0.61,0.13,0.14,1220
51.87,22.43,9.31,3.09,2.47,1.47,1.76,5.03,0.93,0.31,1.23,1250
28.2,11.6,19.14,23.25,10.09,0.25,0.79,5.35,0.6,0.18,0.13,1270
28.14,11.76,18.66,22.31,10.38,0.26,0.79,5.94,0.68,0.19,0.13,1270
48.64,25.22,11.31,5.6,2.15,1.52,2.37,1.3,0.8,0.75,2.29,1290
29.3,11.15,16.47,22.75,11.34,0.37,0.91,6.05,0.55,0.19,0.13,1260
39.93,22,15.24,7.84,2.65,0.64,0.57,8.97,0.48,0.4,0.73,1260
28.27,10.64,18.21,23.46,10.49,0.42,0.89,5.94,0.62,0.19,0.15,1280
28.88,11.64,17.86,23.56,9.09,0.63,0.94,5.99,0.53,0.17,0.13,1260
27.51,11.24,16.75,23.39,11.75,0.44,0.86,6.19,0.61,0.17,0.13,1270
28.61,10.46,17.13,22.83,12.12,0.72,0.85,6.03,0.6,0.18,0.15,1250
29.82,22.44,27.8,4.6,3.43,0.64,1.12,7.96,0.88,0.38,0.55,1270
39.44,24.89,16.71,7.58,2.17,0.74,1.05,5.18,0.89,0.42,1.06,1270
27.1,10.74,16.96,24.45,12.91,0.37,0.85,5.15,0.58,0.17,0.13,1270
27.6,10.74,16.52,24.85,12.44,0.4,0.85,5.09,0.58,0.18,0.12,1260
28.31,10.83,17.2,23.11,11.71,0.36,0.83,5.95,0.59,0.17,0.13,1260
47.15,21.19,10.37,4.78,3.16,1.52,2.02,7.42,0.77,0.39,0.92,1280
28.17,10.53,16.94,23.15,12.42,0.53,0.74,5.88,0.6,0.18,0.12,1280
26.43,11.81,16.88,24.61,10.97,0.29,0.83,6.41,0.55,0.17,0.13,1270
25.97,10.3,18.13,24.49,12.88,0.58,0.74,5.58,0.61,0.18,0.12,1290
39.22,22.95,17.21,5.66,2.84,0.87,2.16,6.64,0.98,0.39,0.55,1300
28.31,10.83,17.2,23.11,11.71,0.36,0.83,5.95,0.59,0.17,0.13,1260
46.25,22.3,12.2,4.48,3.45,1.88,2.2,5.91,0.8,0.32,1.03,1250
45.1,21.49,9.31,7.8,3.21,1.49,1.8,7.3,0.82,0.35,0.99,1280
27.4,11.06,15.95,23.8,11.41,0.38,0.81,7.95,0.57,0.19,0.14,1260
50.75,22.18,10.62,4.11,2.77,1.81,0.94,5.21,0.83,0.34,1.18,1310
25.44,11.69,16.59,23.41,12.38,0.39,0.85,7.61,0.6,0.18,0.14,1280
48.22,22.41,11.15,4.26,2.74,1.44,1.32,5.89,0.85,0.33,1.14,1270
37.47,23.63,17.18,7.54,2.24,0.67,0.58,8.25,0.49,0.4,0.98,1260
25.2,12.16,16.41,25.22,12.21,0.31,0.9,5.77,0.6,0.16,0.14,1300
47.92,19.76,10.27,5.11,3.03,1.94,1.37,8.39,0.78,0.31,1.01,1250
40.12,23.95,15.77,7.24,3.04,0.72,1.22,5.82,0.78,0.46,0.78,1270
23.47,10.93,16.88,26.18,14.17,0.39,0.85,5.55,0.58,0.17,0.13,1290
23.47,11.12,17.34,25.43,15.04,0.46,0.86,4.64,0.57,0.19,0.14,1270
38.92,23.06,12.62,7.57,4.57,0.83,1.07,8.52,1.17,0.11,0.73,1300
49.88,20.24,10.51,4.85,3.26,1.88,1.62,6.23,0.79,0.32,1.07,1250
22.65,10.9,16.41,26.31,16.21,0.32,0.98,4.27,0.64,0.17,0.12,1290
23.59,10.7,16.02,26.7,14.82,0.35,0.95,5.41,0.62,0.18,0.12,1280
39.62,20.75,15.01,7.9,4.07,0.64,0.57,8.8,0.44,0.4,0.9,1260
48.15,25.31,13.19,4.69,2.24,1.29,2.23,0.95,1.05,0.53,2.29,1270
21.97,12.57,16.71,25.31,15.41,0.49,0.92,4.67,0.6,0.17,0.12,1290
26.25,10.72,14.82,24.55,14.77,0.35,0.77,6.3,0.48,0.17,0.13,1280
23.71,10.98,16.8,25.59,13.09,0.3,0.86,6.75,0.59,0.19,0.13,1280
24.78,11.55,16.78,25.76,11.42,0.44,0.93,6.43,0.58,0.16,0.13,1290
23.76,11.44,19.1,24.54,12.43,0.36,0.83,5.53,0.63,0.22,0.15,1280
23.48,11.64,18.57,24.81,13.18,0.38,0.89,4.99,0.6,0.2,0.14,1290
37.54,17.99,19.45,7.35,2.87,0.96,1.14,10.34,0.99,0.44,0.56,1300
22.86,10.56,17.48,25.7,13.45,0.29,0.78,7.04,0.6,0.21,0.15,1290
23.72,11.7,17.59,23.96,13.65,0.34,0.87,6.13,0.64,0.19,0.14,1270
30.45,18.87,13.32,11.71,5.24,1.75,1.38,15.7,0.82,0.29,1.14,1260
23.55,11.21,16.74,24.93,14.23,0.3,0.77,6.45,0.64,0.18,0.14,1280
46.34,20.9,11.48,5.02,3.27,2.14,1.13,7.3,0.8,0.35,1.07,1280
40.15,26.92,10.67,7.84,2.87,0.82,0.5,8.88,0.45,0.39,0.54,1310
24.02,11.62,16.13,23.96,14.54,0.35,0.95,6.46,0.66,0.16,0.14,1290
39.53,25.98,14.27,7.84,2.69,1,1.4,3.75,1.22,0.65,0.92,1220
42.4,18.88,14.39,5.66,3.16,0.79,1.31,11.02,1.18,0.41,0.63,1280
24.15,10.43,17.6,23.88,14.67,0.45,0.91,5.88,0.66,0.18,0.14,1270
23.41,10.89,16.97,25.1,13.7,0.48,0.89,6.6,0.71,0.19,0.16,1280
48.28,21.49,9.85,5.56,3.05,1.48,1.61,6.92,0.87,0.31,1.1,1300
24.32,11.1,16.4,22.26,14.96,0.34,0.92,7.72,0.9,0.17,0.18,1280
27.91,11.23,14.39,23.96,12.54,0.55,0.95,6.43,0.6,0.19,0.18,1270
26.41,11.64,16.42,23.87,13.21,0.35,1.02,5.4,0.55,0.17,0.16,1290
24.41,11.18,18.23,23.85,14.16,0.32,0.93,5.36,0.56,0.17,0.15,1270
23.68,12.04,16.8,23.83,14.4,0.4,0.94,6.39,0.42,0.18,0.16,1320
22.37,11.66,17.87,22.61,14.89,0.76,0.96,6.76,0.47,0.18,0.16,1290
25.49,10.24,15.98,23.19,13.77,0.39,0.94,8.16,0.46,0.17,0.16,1290
25.54,10.27,17.31,22.94,14.81,0.51,0.81,6.69,0.5,0.17,0.16,1270
23.04,11.55,17.3,22.91,11.82,0.37,0.89,10.5,0.45,0.16,0.16,1250
45.63,16.88,12.1,7.9,2.14,3.71,1.1,8.93,0.77,0.25,0.68,1230
24.83,11.47,16.96,22.4,14.53,0.39,0.97,6.68,0.44,0.16,0.16,1290
22.97,10.75,18.37,23.69,13.87,0.52,0.93,6.61,0.52,0.16,0.15,1290
25.96,10.83,17.9,22.18,13.85,0.32,0.89,6.22,0.42,0.17,0.16,1290
25.54,11.41,20.69,21.51,10.07,0.65,0.76,7.2,0.43,0.17,0.16,1270
23.86,12.62,17.81,21.85,13.43,0.29,0.82,7.39,0.54,0.17,0.17,1290
41.95,15.44,11.88,10.42,3.5,4.3,0.93,9.95,0.82,0.25,0.65,1210
25.89,11.91,14.51,23.92,13.83,0.33,0.94,6.55,0.53,0.16,0.19,1290
24.21,11.61,16.63,23.97,13.88,0.37,0.84,6.51,0.49,0.16,0.16,1280
26.92,10.81,15.83,23.89,13.75,0.31,0.93,4.66,0.62,0.18,0.15,1260
41.65,15.85,14.51,8.78,2.74,4.59,1.25,8.95,0.6,0.26,0.87,1260
25.53,10.05,17.98,23.9,12.46,0.41,0.99,6.85,0.25,0.17,0.16,1300
24.85,10.42,17.66,23.81,15.32,0.28,0.87,4.78,0.37,0.19,0.14,1260
65,21.2,7.84,0.75,0.61,0.71,1.1,0.71,1.2,0.23,1.07,1470
26.53,11.45,16.46,23.76,12.82,0.52,0.92,5.35,0.62,0.16,0.13,1300
25.78,10.77,16.94,23.83,14.95,0.33,1.1,4.74,0.33,0.17,0.13,1260
25.13,11.97,18.95,23.86,13.59,0.47,1.04,3.08,0.41,0.17,0.11,1290
36.13,17.9,9.72,13.12,5.07,1.99,0.96,13.52,0.58,0.46,0.96,1260
24.73,12.59,15.4,23.96,11.39,0.2,0.95,8.83,0.48,0.16,0.13,1270
24.61,11.76,17.05,23.91,14.39,0.21,0.91,5.2,0.45,0.2,0.13,1290
24.21,12.61,17.88,23.85,13.41,0.25,1.12,4.68,0.52,0.16,0.11,1290
24.52,10.99,16.83,24.91,15.75,0.41,1.01,3.49,0.57,0.16,0.12,1290
26.1,10.61,18.01,23.25,11.85,0.36,0.88,7.01,0.6,0.19,0.13,1240
40.5,16.43,12.47,7.22,2.87,4.33,0.93,13.75,0.51,0.26,0.58,1180
33.75,16.18,11.61,14.63,4.69,2.46,1.59,13.01,0.89,0.39,0.94,1230
31.59,12.01,16.45,20.83,11.02,0.54,1.33,4.44,0.8,0.17,0.13,1240
29.8,12.41,16.41,21.79,10.52,0.73,1.09,5.26,0.58,0.17,0.14,1250
40.73,26.16,12.53,7.13,2.24,0.52,0.71,7.87,0.75,0.41,1.18,1330
40.81,25.43,10.33,7.53,3,0.72,1.02,8.59,0.97,0.2,0.85,1320
49.33,20.2,8.42,4.1,3.01,2.1,1.85,8.42,0.84,0.4,1,1280
26.46,11.64,16.94,23.68,11.23,0.44,1.06,6.62,0.6,0.19,0.13,1240
48.66,24.15,5.31,7.5,2.77,0.29,0.47,8.89,1.22,0.15,0.5,1380
25.13,11.14,15.69,23.72,12.27,0.58,0.89,8.77,0.54,0.15,0.13,1260
28.03,13.27,16.89,20.95,10.16,0.33,0.97,7.42,0.41,0.2,0.12,1260
40.93,26.91,15.84,2.18,1.57,0.64,0.65,8.98,0.59,0.39,0.96,1350
24.73,11.88,16.81,24.16,12.78,0.32,0.84,6.3,0.47,0.17,0.12,1290
25.65,11.68,16.96,23.91,12.62,0.41,0.88,5.87,0.43,0.18,0.13,1310
36.53,21.81,14.26,6.5,3.55,0.62,1.09,12.97,1.26,0.23,0.48,1300
27.12,11.28,19.74,21.5,10.97,0.25,0.75,6.53,0.37,0.17,0.13,1250
26.49,11.36,17.75,22.76,11.64,0.47,0.83,6.8,0.52,0.19,0.12,1280
24.45,13.61,15.5,23.84,13.79,0.27,0.82,6.03,0.39,0.18,0.12,1300
36.16,20.47,18.77,7.93,4.63,0.81,1.21,7.86,0.9,0.4,0.49,1300
45.16,21.23,10.97,5.5,3.82,1.52,1.72,7.95,0.88,0.44,1.14,1240
43.7,20.78,17.81,4.85,2.66,1.31,1.28,5.57,0.85,0.28,0.98,1180
25.24,12.3,17.96,23.47,11.03,0.4,0.89,7.08,0.42,0.19,0.13,1270
44.85,16.43,12.9,8.5,2.63,2.78,1.26,8.98,0.69,0.25,1.09,1210
42.84,20.37,18.65,2.95,2.41,1.51,1.35,6.79,0.85,0.29,0.97,1250
25.5,10.8,17.57,23.99,12.41,0.47,1.01,6.72,0.45,0.18,0.11,1270
36.55,20.46,20.37,5.63,3.42,0.82,1.22,9.65,0.77,0.41,0.53,1270
24.44,12.69,16.61,23.65,12.84,0.46,0.85,6.2,0.5,0.18,0.12,1300
49.72,23.21,12.75,3.22,2.06,1.44,1.63,3.07,0.92,0.29,1.16,1330
26.14,10.37,18.3,23.76,13,0.34,0.92,5.68,0.41,0.17,0.12,1290
39.08,23.53,14.7,5.82,3.25,1.27,1.5,8.64,1.04,0.4,0.6,1300
27.44,12.28,18.61,22.81,10.49,0.44,0.92,5.45,0.52,0.19,0.14,1280
23.83,10.47,18.57,24.89,12.7,0.3,0.92,6.3,0.44,0.19,0.13,1280
24.62,13.04,16.35,24.82,12.28,0.43,0.81,5.66,0.55,0.16,0.12,1280
43.14,22.59,14.68,6.25,3.41,0.83,1.5,5.72,0.76,0.39,0.49,1280
26.81,12.27,15.77,23.72,11.79,0.51,0.87,6.12,0.59,0.18,0.14,1290
26.26,10.82,15.64,24.63,12.91,0.22,0.81,6.33,0.56,0.18,0.13,1300
27.2,11.8,17.31,23.2,11.41,0.6,0.81,5.6,0.55,0.19,0.13,1260
25.22,12.31,16.06,24.91,12.11,0.23,0.78,6.61,0.41,0.15,0.13,1300
69.1,20.6,4.08,1.08,0.57,0.54,1,0.49,1.1,0.57,0.76,1550
38.01,25.46,14.02,6.98,3.49,0.42,1.32,8.28,1,0.41,0.61,1270
26.08,11.89,16.79,24.6,11.86,0.22,0.82,5.59,0.54,0.18,0.13,1280
27.43,10.27,17.74,23.8,12.61,0.52,0.92,4.98,0.6,0.16,0.12,1250
44.25,18.84,15.21,6.63,3.26,0.63,1.22,8.08,0.77,0.51,0.52,1330
26.71,12.89,15.26,23.76,12.7,0.52,0.92,5.47,0.54,0.18,0.13,1260
26.83,11.47,16.83,23.77,12.55,0.23,0.99,5.22,0.49,0.16,0.13,1270
24.85,12.69,16.64,23.91,12.78,0.46,0.87,5.8,0.49,0.18,0.13,1270
39.03,19.48,15.86,8.45,3.86,0.61,1.05,9.73,0.82,0.4,0.58,1310
23.38,12.2,16.3,24.82,14.7,0.22,0.95,5.25,0.56,0.18,0.13,1290
38.8,27.18,9.6,10.22,3.17,0.46,1.26,5.92,1.6,1.228,0.94,1370
24.98,12.12,18.39,24.14,12.22,0.35,1.09,5,0.55,0.16,0.13,1290
26.62,11.78,14.73,24.56,13.46,0.36,0.97,6.01,0.55,0.2,0.13,1270
31.64,12.53,22.44,16.64,7.66,0.22,0.86,6.22,0.99,0.18,0.13,1230
25.27,12.78,18.22,23.75,11.62,0.45,0.87,5.53,0.48,0.17,0.13,1250
46.62,23.2,12.37,3.85,2.47,1.55,1.47,5.98,0.92,0.26,1.08,1210
39.24,20.81,16.82,6.67,3.62,1.17,1.53,7.31,1.22,0.49,0.53,1270
26.19,11.23,16.79,24.44,12.39,0.44,0.93,5.94,0.6,0.15,0.14,1270
64.9,21.6,4.84,2.96,0.81,0.43,0.9,1.34,1.3,0.18,0.58,1490
26.13,12.08,16.62,24.1,12.43,0.48,0.97,5.13,0.56,0.18,0.14,1270
42.03,19.69,16.28,6.33,3.32,1.37,1.77,7.28,0.51,0.43,0.66,1280
24.76,13.08,18.34,24.01,11.58,0.44,0.87,4.75,0.49,0.2,0.14,1290
26.24,12.45,16.79,23.87,12.17,0.46,0.95,5.12,0.52,0.15,0.15,1240
25.31,12.4,18.22,23.65,10.84,0.51,0.88,6.03,0.5,0.16,0.13,1280
26.25,11.01,17.59,23.74,11.34,0.57,0.99,6.55,0.53,0.17,0.14,1270
32.01,12.46,17.79,15.55,8.51,0.1,0.71,9.99,0.59,0.45,0.48,1160
25.88,13.24,17.41,23.36,10.92,0.44,0.83,5.85,0.59,0.19,0.13,1290
45.06,19.76,11.77,5.52,2.71,2.11,1.62,9.2,0.8,0.28,1.05,1190
25.13,10.48,17.24,24.08,12.36,0.41,0.9,7.2,0.58,0.19,0.13,1280
26.18,11.83,16.79,23.14,12.2,0.35,0.91,6.7,0.52,0.16,0.14,1260
33.9,25.61,10.64,12.09,4.64,0.56,1.06,8.44,1.44,1.447,0.83,1330
48.38,25.45,13.3,4.72,2.54,1.19,1.97,2.27,0.53,0.87,2.21,1330
28.81,11.77,17.03,22.86,10.15,0.32,1.01,6.16,0.49,0.17,0.13,1250
27.02,11.45,16.82,23.59,10.98,0.5,1.05,6.46,0.58,0.17,0.16,1290
63.2,24.1,6,1.32,1,0.55,1,0.95,1.2,0.26,0.68,1540
26.65,12.34,18.15,23.62,10.01,0.25,0.6,6.41,0.57,0.16,0.16,1280
71.4,17.4,4.88,1.21,0.9,0.62,0.8,1.1,0.8,0.2,0.6,1540
25.42,11.67,17.88,23.3,10.78,0.48,0.92,7.24,0.53,0.16,0.13,1270
24.86,11.43,17.75,23.41,11.12,0.52,0.89,7.63,0.6,0.2,0.13,1290
22.04,13.22,18.77,24.67,12.71,0.29,0.85,5.29,0.64,0.17,0.12,1290
37.55,22.77,19.94,5.03,5.06,2.29,1.33,3.48,0.9,0.52,0.6,1280
40.98,28.19,7.65,8.55,3.07,0.88,0.51,8.02,0.57,0.4,0.52,1360
24.99,12.78,18.29,23.6,11.46,0.47,1.07,5.19,0.61,0.16,0.15,1280
38.63,22.46,21.56,6.24,3.49,0.12,1.26,2.12,1.24,1.02,0.66,1170
46.13,21.25,12.82,4.72,2.63,2.26,1.7,6.18,0.87,0.38,1.11,1200
25.97,11.79,19.33,23.8,10.56,0.25,0.9,5.65,0.42,0.16,0.12,1280
38.32,21.4,21.69,6.91,3.47,0.26,1.2,3.11,1.05,0.85,0.61,1160
24.75,13.26,17.85,23.98,11.85,0.53,0.89,4.92,0.45,0.16,0.13,1280
40.38,27.2,11.46,8.44,3.26,0.77,0.7,4.82,1.33,0.46,0.54,1310
35.7,21.25,15.46,8.69,4.77,1.07,1.54,8.6,1.05,0.33,0.47,1320
52.7,21.3,6,6.4,2.94,0.98,1.43,4.8,0.9,0.66,0.51,1340
64.8,21.9,5.9,1.54,0.89,0.74,0.9,0.99,1,0.35,0.94,1500
26.34,12.48,16.88,23.69,11.51,0.48,0.95,5.57,0.64,0.17,0.12,1270
38.75,20.44,21.26,7.29,3.66,0.35,1.25,3.71,0.94,0.73,0.63,1190
26,12.51,17.68,23.98,11.3,0.24,1.06,5.26,0.57,0.16,0.12,1270
42.47,19.99,9.87,9.18,3.57,1.94,1.55,9.6,0.54,0.54,0.76,1260
47.83,24.12,13.21,5.22,2.7,1.18,2.46,3.15,0.59,0.39,2.17,1300
26.76,11.29,15.58,23.98,13.77,0.34,1.09,5.3,0.57,0.19,0.12,1280
42.14,21.57,12.04,6.13,3.96,2.02,1.29,9.5,0.65,0.3,1.26,1240
25.25,12.98,17.72,24.38,11.72,0.44,1.03,4.47,0.45,0.16,0.11,1290
30.91,19.83,27.72,5.39,3.38,1.47,1.34,7.03,1.05,0.45,0.73,1270
25.98,12.31,17.53,24.08,10.92,0.45,0.99,5.43,0.53,0.16,0.12,1260
25.52,12.51,18.2,24.05,11.13,0.41,1,4.89,0.49,0.18,0.11,1270
24.35,11.26,18.53,22.92,12.41,0.2,0.97,7.49,0.62,0.17,0.14,1270
